1Adana, Seyhan, Adana, Akdeniz Bölgesi, 01130, Türkiye[37.003277, 35.3261219]
2Adýyaman, Adýyaman merkez, Adýyaman, Güneydoðu Anadolu Bölgesi, 02200, Türkiye[37.7640008, 38.2764355]
3Afyonkarahisar, Afyon (merkez), Afyonkarahisar, Ege Bölgesi, 03200, Türkiye[38.7579642, 30.5346872]
4Aðrý, Aðrý merkez, Aðrý, Doðu Anadolu Bölgesi, 04100, Türkiye[39.7201318, 43.0500388]
5Amasya, Karadeniz Bölgesi, Türkiye[40.6569451, 35.7727169]
6Ankara, Çankaya, Ankara, Ýç Anadolu Bölgesi, 06660, Türkiye[39.9215219, 32.8537929]
7Antalya, Muratpaþa, Antalya, Akdeniz Bölgesi, 07010, Türkiye[36.9008783, 30.6937117]
8Artvin, Karadeniz Bölgesi, Türkiye[41.160506, 41.8398627]
9Aydýn, Efeler, Aydýn, Ege Bölgesi, 09020, Türkiye[37.8459132, 27.8338384]
10Balýkesir, Karesi, Balýkesir, Marmara Bölgesi, 10100, Türkiye[39.6470406, 27.885554]
11Bilecik, Bilecik (merkez), Bilecik, Marmara Bölgesi, 11000, Türkiye[40.1435101, 29.9752911]
12Bingöl, Bingöl merkez, Bingöl, Doðu Anadolu Bölgesi, 12000, Türkiye[38.8851831, 40.4965998]
13Bitlis, Bitlis merkez, Bitlis, Doðu Anadolu Bölgesi, Türkiye[38.4002185, 42.1081317]
14Bolu, Bolu merkez, Bolu, Karadeniz Bölgesi, KATLI OTOPARK, Türkiye[40.73454, 31.6128194]
15Burdur, Burdur (merkez), Burdur, Akdeniz Bölgesi, 15200, Türkiye[37.7248394, 30.2887286]
16Bursa, Osmangazi, Bursa, Marmara Bölgesi, 16010, Türkiye[40.1827061, 29.0667635]
17Çanakkale, Çanakkale merkez, Çanakkale, Marmara Bölgesi, 17000, Türkiye[40.1500808, 26.4148869]
18Çankýrý, Ýç Anadolu Bölgesi, Türkiye[40.6667691, 33.4526069]
19Çorum, Çorum merkez, Çorum, Karadeniz Bölgesi, 19100, Türkiye[40.5491496, 34.9602453]
20Denizli, Pamukkale, Denizli, Ege Bölgesi, 20150, Türkiye[37.7715165, 29.0863125]
21Diyarbakýr, Yeniþehir, Diyarbakýr, Güneydoðu Anadolu Bölgesi, 21200, Türkiye[37.9166031, 40.2226158]
22Edirne, Edirne merkez, Edirne, Marmara Bölgesi, 22030, Türkiye[41.6759327, 26.5587225]
23Elazýð, Doðu Anadolu Bölgesi, Türkiye[38.5824771, 39.396179]
24Erzincan, Erzincan merkez, Erzincan, Doðu Anadolu Bölgesi, 24180, Türkiye[39.7496052, 39.4941023]
25Erzurum, Doðu Anadolu Bölgesi, Türkiye[39.7581897, 41.4032241]
26Eskiþehir, Odunpazarý, Eskiþehir, Ýç Anadolu Bölgesi, 26120, Türkiye[39.7688564, 30.5216465]
27Gaziantep, Þahinbey, Gaziantep, Güneydoðu Anadolu Bölgesi, 27400, Türkiye[37.0611756, 37.3793085]
28Giresun, Giresun merkez, Giresun, Karadeniz Bölgesi, 28100, Türkiye[40.9148702, 38.3879289]
29Gümüþhane, Gümüþhane merkez, Gümüþhane, Karadeniz Bölgesi, 29000, Türkiye[40.4617844, 39.4757339]
30Hakkâri, Hakkari merkez, Hakkari, Doðu Anadolu Bölgesi, 30000, Türkiye[37.574898, 43.73766]
31Hatay, Akdeniz Bölgesi, Türkiye[36.3451332, 36.0748022]
32Isparta, Isparta merkez, Isparta, Akdeniz Bölgesi, 32200, Türkiye[37.77035, 30.5556933]
33Mersin, Akdeniz, Mersin, Akdeniz Bölgesi, 33050, Türkiye[36.81275, 34.630542]
34Ýstanbul, Fatih, Ýstanbul, Marmara Bölgesi, 34126, Türkiye[41.0096334, 28.9651646]
35Ýzmir, Konak, Ýzmir, Ege Bölgesi, 35240, Türkiye[38.4153421, 27.144474]
36Kars, Kars merkez, Kars, Doðu Anadolu Bölgesi, 36100, Türkiye[40.605158, 43.0961734]
37Kastamonu, Kastamonu merkez, Kastamonu, Karadeniz Bölgesi, 37100, Türkiye[41.3765359, 33.7770087]
38Kayseri, Kocasinan, Kayseri, Ýç Anadolu Bölgesi, 38015, Türkiye[38.7225274, 35.4874516]
39Kýrklareli, Kýrklareli merkez, Kýrklareli, Marmara Bölgesi, 39100, Türkiye[41.7370223, 27.2235523]
40Kýrþehir, Kýrþehir merkez, Kýrþehir, Ýç Anadolu Bölgesi, 40200, Türkiye[39.1461142, 34.1605587]
41Kocaeli, Marmara Bölgesi, Türkiye[40.8216536, 29.9507184]
42Konya, Selçuklu, Konya, Ýç Anadolu Bölgesi, 42000, Türkiye[37.8719963, 32.4844015]
43Kütahya, Kütahya merkez, Kütahya, Ege Bölgesi, 43000, Türkiye[39.4195048, 29.9854528]
44Malatya, Battalgazi, Malatya, Doðu Anadolu Bölgesi, 44070, Türkiye[38.3483098, 38.3178715]
45Manisa, Þehzadeler, Manisa, Ege Bölgesi, 45010, Türkiye[38.6155029, 27.4255716]
46Kahramanmaraþ, Onikiþubat, Kahramanmaraþ, Akdeniz Bölgesi, 36002, Türkiye[37.5812744, 36.927509]
47Mardin, Güneydoðu Anadolu Bölgesi, Türkiye[37.3414854, 40.7476249]
48Muðla, Ege Bölgesi, Türkiye[37.1642053, 28.2624288]
49Muþ, Muþ merkez, Muþ, Doðu Anadolu Bölgesi, 49001, Türkiye[38.7403703, 41.4967451]
50Nevþehir, Nevþehir merkez, Nevþehir, Ýç Anadolu Bölgesi, 50100, Türkiye[38.6223688, 34.7136022]
51Niðde, Niðde (merkez), Niðde, Ýç Anadolu Bölgesi, 51100, Türkiye[37.9712079, 34.6775534]
52Ordu, Karadeniz Bölgesi, Türkiye[40.8292569, 37.4082764]
53Rize, Rize merkezi, Rize, Karadeniz Bölgesi, 53020, Türkiye[41.022809, 40.519612]
54Sakarya, Marmara Bölgesi, Türkiye[40.7731834, 30.481606]
55Samsun, Ýlkadým, Samsun, Karadeniz Bölgesi, 55030, Türkiye[41.2889924, 36.3294459]
56Siirt, Siirt (merkez), Siirt, Güneydoðu Anadolu Bölgesi, 56100, Türkiye[37.931282, 41.93984]
57Sinop, Sinop merkez, Sinop, Karadeniz Bölgesi, 57000, Türkiye[42.0266698, 35.1506765]
58Sivas, Sivas Belediyesi, Sivas merkez, Sivas, Ýç Anadolu Bölgesi, 58040, Türkiye[39.7503572, 37.0145185]
59Tekirdað, Süleymanpaþa, Tekirdað, Marmara Bölgesi, 59100, Türkiye[40.986223, 27.513944]
60Tokat, Karadeniz Bölgesi, Türkiye[40.327747, 36.5539494]
61Trabzon, Ortahisar, Trabzon, Karadeniz Bölgesi, 61030, Türkiye[41.0058605, 39.7180928]
62Tunceli, Tunceli merkez, Tunceli, Doðu Anadolu Bölgesi, 62000, Türkiye[39.1080631, 39.548197]
63Þanlýurfa, Güneydoðu Anadolu Bölgesi, Türkiye[37.2595198, 39.0408174]
64Uþak, Uþak merkez, Uþak, Ege Bölgesi, 64400, Türkiye[38.6810732, 29.4033271]
65Van, Tuþba, Van, Doðu Anadolu Bölgesi, 65210, Türkiye[38.5084332, 43.3742567]
66Yozgat, Yozgat merkez, Yozgat, Ýç Anadolu Bölgesi, 66100, Türkiye[39.8205571, 34.8094917]
67Zonguldak, Karadeniz Bölgesi, Türkiye[41.250324, 31.8389738]
68Aksaray, Aksaray merkez, Aksaray, Ýç Anadolu Bölgesi, 68000, Türkiye[38.3705416, 34.026907]
69Bayburt, Bayburt merkez, Bayburt, Karadeniz Bölgesi, 69000, Türkiye[40.25569, 40.224099]
70Karaman, Karaman merkez, Karaman, Ýç Anadolu Bölgesi, 70100, Türkiye[37.1792447, 33.2224781]
71Kýrýkkale, Kýrýkkale (merkez), Kýrýkkale, Ýç Anadolu Bölgesi, 71300, Türkiye[39.8485708, 33.5276222]
72Batman, Güneydoðu Anadolu Bölgesi, Türkiye[37.7874104, 41.2573924]
73Þýrnak, Güneydoðu Anadolu Bölgesi, Türkiye[37.455253, 42.5212049]
74Bartýn, Bartýn merkez, Bartýn, Karadeniz Bölgesi, 74100, Türkiye[41.6338394, 32.3384354]
75Ardahan, Ardahan merkez, Ardahan, Doðu Anadolu Bölgesi, 75000, Türkiye[41.1102966, 42.7035585]
76Iðdýr, Iðdýr (merkez), Iðdýr, Doðu Anadolu Bölgesi, 76000, Türkiye[39.9215668, 44.0467724]
77Yalova, Yalova merkez, Yalova, Marmara Bölgesi, 77200, Türkiye[40.6556669, 29.2729091]
78Karabük, Karadeniz Bölgesi, Türkiye[41.1110349, 32.6193901]
79Kilis, Kilis (merkez), Kilis, Güneydoðu Anadolu Bölgesi, 79002, Türkiye[36.718045, 37.11688]
80Osmaniye, Osmaniye (merkez), Osmaniye, Akdeniz Bölgesi, 80010, Türkiye[37.073671, 36.255941]
81Düzce, Düzce merkez, Düzce, Karadeniz Bölgesi, 81000, Türkiye[40.8422778, 31.1569975]
82Seyhan, Sarýçam, Adana, Akdeniz Bölgesi, 01010, Türkiye[37.101736, 35.3029506]
83Yüreðir, Adana, Akdeniz Bölgesi, Türkiye[36.8850316, 35.4842861996469]
84Çukurova, Adana, Akdeniz Bölgesi, Türkiye[37.1006603, 35.153311675887]
85Ceyhan, Adana, Akdeniz Bölgesi, 01940, Türkiye[37.0283058, 35.8171007]
86Sarýçam, Adana, Akdeniz Bölgesi, 01250, Türkiye[37.0330174, 35.41449]
87Kozan, Adana, Akdeniz Bölgesi, Türkiye[37.511612, 35.740944122124]
88Ýmamoðlu, Adana, Akdeniz Bölgesi, 01700, Türkiye[37.31176325, 35.6229969545287]
89Karataþ, Adana, Akdeniz Bölgesi, Türkiye[36.56357, 35.38207]
90Karaisalý, Adana, Akdeniz Bölgesi, Türkiye[37.28520335, 35.1896442371086]
91Pozantý, Adana, Akdeniz Bölgesi, Türkiye[37.4226958, 34.8725026]
92Yumurtalýk, Adana, Akdeniz Bölgesi, Türkiye[36.7673329, 35.7903962]
93Tufanbeyli, Adana, Akdeniz Bölgesi, Türkiye[38.262973, 36.2225395]
94Feke, Adana, Akdeniz Bölgesi, Türkiye[37.9069724, 35.7780549535277]
95Aladað, Adana, Akdeniz Bölgesi, Türkiye[37.5153905, 35.3068574595921]
96Saimbeyli, Adana, Akdeniz Bölgesi, Türkiye[37.9853461, 36.0887885]
97Merkez, Alaçam, Samsun, Karadeniz Bölgesi, 55000, Türkiye[41.4897596, 35.5880988]
98Kahta, Adýyaman, Güneydoðu Anadolu Bölgesi, Türkiye[37.80003365, 38.7057911640988]
99Besni, Adýyaman, Güneydoðu Anadolu Bölgesi, 02300, Türkiye[37.6067147, 37.8746730180527]
100Gölbaþý, Ankara, Ýç Anadolu Bölgesi, 06830, Türkiye[39.54536375, 32.8267947988106]
101Gerger, Adýyaman, Güneydoðu Anadolu Bölgesi, Türkiye[38.0141682, 38.9598155574846]
102Sincik, Adýyaman, Güneydoðu Anadolu Bölgesi, Türkiye[38.04784795, 38.5733508565148]
103Çelikhan, Adýyaman, Güneydoðu Anadolu Bölgesi, Türkiye[38.0328407, 38.2446824]
104Tut, Adýyaman, Güneydoðu Anadolu Bölgesi, Türkiye[37.7951202, 37.9155276]
105Samsat, Adýyaman, Güneydoðu Anadolu Bölgesi, Türkiye[37.5745602, 38.4742251586312]
106Merkez, Alaçam, Samsun, Karadeniz Bölgesi, 55000, Türkiye[41.4897596, 35.5880988]
107Sandýklý, Afyonkarahisar, Ege Bölgesi, Türkiye[38.47759695, 30.1629430704282]
108Dinard, Saint-Malo, Ille-et-Vilaine, Bretagne, France métropolitaine, 35800, France[48.6251435, -2.0584211]
109Bolvadin, Afyonkarahisar, Ege Bölgesi, 03300, Türkiye[38.7866977, 31.1505468241867]
110Sinanpaþa, Afyonkarahisar, Ege Bölgesi, 03852, Türkiye[38.7440463, 30.2446641]
111Emirdað, Afyonkarahisar, Ege Bölgesi, Türkiye[39.0132627, 31.3448550357898]
112Þuhut, Afyonkarahisar, Ege Bölgesi, Türkiye[38.5342526, 30.5456106]
113Çay, Afyonkarahisar, Ege Bölgesi, Türkiye[38.50242935, 30.8746068817375]
114Ýhsaniye, Afyonkarahisar, Ege Bölgesi, Türkiye[39.06395835, 30.4641340441531]
115Ýscehisar, Afyonkarahisar, Ege Bölgesi, 03750, Türkiye[38.9353805, 30.7812548859009]
116Sultandaðý, Afyonkarahisar, Ege Bölgesi, 03940, Türkiye[38.59514835, 31.3406936960577]
117Çobanlar, Afyonkarahisar, Ege Bölgesi, Türkiye[38.7026504, 30.7812946]
118Dazkýrý, Afyonkarahisar, Ege Bölgesi, Türkiye[37.92673465, 29.8251820137061]
119Baþmakçý, Afyonkarahisar, Ege Bölgesi, Türkiye[37.8973577, 30.0097784]
120Hocalar, Afyonkarahisar, Ege Bölgesi, Türkiye[38.5808125, 29.9668799]
121Bayat, Çorum, Karadeniz Bölgesi, Türkiye[40.6436179, 34.2578964]
122Evciler, Afyonkarahisar, Ege Bölgesi, Türkiye[38.0406412, 29.8846316]
123Kýzýlören, Ýncesu, Kayseri, Ýç Anadolu Bölgesi, Türkiye[38.6094248, 35.3322075]
124Merkez, Alaçam, Samsun, Karadeniz Bölgesi, 55000, Türkiye[41.4897596, 35.5880988]
125Patnos, Aðrý, Doðu Anadolu Bölgesi, 04500, Türkiye[39.2334202, 42.8612338]
126Doðubayazýt, Aðrý, Doðu Anadolu Bölgesi, Türkiye[39.589099, 44.1230401163818]
127Diyadin, Aðrý, Doðu Anadolu Bölgesi, Türkiye[39.4470228, 43.6169567141727]
128Eleþkirt, Aðrý, Doðu Anadolu Bölgesi, Türkiye[39.82830705, 42.6088227984896]
129Tutak, Aðrý, Doðu Anadolu Bölgesi, Türkiye[39.5387835, 42.7721896]
130Taþlýçay, Aðrý, Doðu Anadolu Bölgesi, Türkiye[39.59859925, 43.3971822390754]
131Hamur, Aðrý, Doðu Anadolu Bölgesi, 04850, Türkiye[39.47679895, 43.075666790362]
132Merkez, Alaçam, Samsun, Karadeniz Bölgesi, 55000, Türkiye[41.4897596, 35.5880988]
133Merzifon, Amasya, Karadeniz Bölgesi, Türkiye[40.84139625, 35.4599794016402]
134Suluova, Amasya, Karadeniz Bölgesi, 05500, Türkiye[40.7787761, 35.6767882858605]
135Taþova, Amasya, Karadeniz Bölgesi, Türkiye[40.793517, 36.2523223686867]
136Gümüþhacýköy, Amasya, Karadeniz Bölgesi, 05700, Türkiye[40.8747777, 35.2193641]
137Göynücek, Amasya, Karadeniz Bölgesi, Türkiye[40.3943314, 35.5223988]
138Hamamözü, Amasya, Karadeniz Bölgesi, Türkiye[40.7855496, 35.024334]
139Çankaya, Ankara, Ýç Anadolu Bölgesi, Türkiye[39.85348385, 32.7868528863282]
140Keçiören, Ankara, Ýç Anadolu Bölgesi, Türkiye[39.9907952, 32.8518043]
141Yenimahalle, Ankara, Ýç Anadolu Bölgesi, 06378, Türkiye[39.989327, 32.7611428]
142Mamak, Ankara, Ýç Anadolu Bölgesi, Türkiye[39.921015, 32.919667]
143Etimesgut, Ankara, Ýç Anadolu Bölgesi, Türkiye[39.86458385, 32.5699255622655]
144Sincan, Ankara, Ýç Anadolu Bölgesi, 06934, Türkiye[39.9633448, 32.5888739]
145Altýndað, Ankara, Ýç Anadolu Bölgesi, Türkiye[39.99097405, 33.0001708521246]
146Pursaklar, Ankara, Ýç Anadolu Bölgesi, 06080, Türkiye[40.0397231, 32.9038913]
147Gölbaþý, Ankara, Ýç Anadolu Bölgesi, 06830, Türkiye[39.54536375, 32.8267947988106]
148Polatlý, Ankara, Ýç Anadolu Bölgesi, 06900, Türkiye[39.579001, 32.1440871]
149Çubuk, Ankara, Ýç Anadolu Bölgesi, KERKÜK SOKAK, Türkiye[40.2392536, 33.0280652]
150Kahramankazan, Ankara, Ýç Anadolu Bölgesi, Türkiye[40.2060344, 32.6805261]
151Beypazarý, Ankara, Ýç Anadolu Bölgesi, Türkiye[40.145747, 31.9177397101426]
152Elmadað, Ankara, Ýç Anadolu Bölgesi, 06780, Türkiye[39.9156085, 33.2379331]
153Þereflikoçhisar, Ankara, Ýç Anadolu Bölgesi, 06950, Türkiye[38.9400595, 33.5415722]
154Akyurt, Ankara, Ýç Anadolu Bölgesi, 06750, Türkiye[40.1297797, 33.0836938]
155Nallýhan, Ankara, Ýç Anadolu Bölgesi, Türkiye[40.1872424, 31.3512768]
156Haymana, Ankara, Ýç Anadolu Bölgesi, Türkiye[39.4342821, 32.5004065]
157Kýzýlcahamam, Ankara, Ýç Anadolu Bölgesi, 06890, Türkiye[40.4727631, 32.6500174]
158Bala, Ankara, Ýç Anadolu Bölgesi, Türkiye[39.5081485, 33.1104711712865]
159Kalecik, ?????????? - Maðusa, Kuzey Kýbrýs, ?????? - Kýbrýs[35.3424739, 33.9998073]
160Ayaþ, Ankara, Ýç Anadolu Bölgesi, 06730, Türkiye[40.02559095, 32.2383537591131]
161Güdül, Ankara, Ýç Anadolu Bölgesi, Türkiye[40.2124498, 32.2329748842199]
162Çamlýdere, Ankara, Ýç Anadolu Bölgesi, Türkiye[40.4914804, 32.4758257]
163Evren, Ankara, Ýç Anadolu Bölgesi, Türkiye[39.0232324, 33.8038777]
164Kepez, Antalya, Akdeniz Bölgesi, Türkiye[37.02472655, 30.7133392156824]
165Muratpaþa, Antalya, Akdeniz Bölgesi, Türkiye[36.88743095, 30.7455866722664]
166Alanya, Antalya, Akdeniz Bölgesi, 07400, Türkiye[36.5472591, 32.0011182]
167Manavgat, Antalya, Akdeniz Bölgesi, Türkiye[37.04858515, 31.2799178960161]
168Konyaaltý, Konyaalti, Antalya, Akdeniz Bölgesi, 07075, Türkiye[36.8689803, 30.6327669]
169Serik, Antalya, Akdeniz Bölgesi, 07500, Türkiye[36.9165327, 31.1011205]
170Aksu, Isparta, Akdeniz Bölgesi, Türkiye[37.71115205, 31.1955647242318]
171Kumluca, Ulus, Bartýn, Karadeniz Bölgesi, Türkiye[41.4489983, 32.4669936]
172Döþemealtý, Antalya, Akdeniz Bölgesi, 07190, Türkiye[37.0233047, 30.600941]
173Kaþ, Antalya, Akdeniz Bölgesi, 08750, Türkiye[36.1993752, 29.6413365]
174Korkuteli, Antalya, Akdeniz Bölgesi, 07800, Türkiye[37.0666523, 30.1970497]
175Gazipaþa, Antalya, Akdeniz Bölgesi, Türkiye[36.3143432, 32.4362477725068]
176Finike, Antalya, Akdeniz Bölgesi, 07740, Türkiye[36.405495, 30.075493979217]
177Kemer, Antalya, Akdeniz Bölgesi, 07990, Türkiye[36.6019034, 30.5618498]
178Elmalý, Antalya, Akdeniz Bölgesi, 07700, Türkiye[36.7384586, 29.917856]
179Demre, Antalya, Akdeniz Bölgesi, 07571, Türkiye[36.2422046, 30.008263]
180Akseki, Antalya, Akdeniz Bölgesi, Türkiye[37.0473617, 31.7908673]
181Gündoðmuþ, Antalya, Akdeniz Bölgesi, Türkiye[36.814338, 31.9983333]
182Ýbradi, Antalya, Akdeniz Bölgesi, Türkiye[37.17714055, 31.4423483199195]
183Hopa, Artvin, Karadeniz Bölgesi, Türkiye[41.39098, 41.418046]
184Merkez, Alaçam, Samsun, Karadeniz Bölgesi, 55000, Türkiye[41.4897596, 35.5880988]
185Borçka, Artvin, Karadeniz Bölgesi, Türkiye[41.3958653, 41.8043844101879]
186Yusufeli, Artvin, Karadeniz Bölgesi, Türkiye[40.8203512, 41.5440847]
187Arhavi, Artvin, Karadeniz Bölgesi, Türkiye[41.23010325, 41.4187248736324]
188Þavþat, Artvin, Karadeniz Bölgesi, 08700, Türkiye[41.30299195, 42.3690090852379]
189Ardanuç, Artvin, Karadeniz Bölgesi, Türkiye[41.14067275, 42.088642230995]
190Murgul, Artvin, Karadeniz Bölgesi, Türkiye[41.2795614, 41.5627063]
191Efeler, Aydýn, Ege Bölgesi, Türkiye[37.8523511, 27.8777022092698]
192Nazilli, Aydýn, Ege Bölgesi, 09900, Türkiye[37.9106654, 28.3249787]
193Söke, Aydýn, Ege Bölgesi, 09200, Türkiye[37.7447468, 27.4068059]
194Kuþadasý, Aydýn, Ege Bölgesi, 09400, Türkiye[37.78086685, 27.3128662688803]
195Didim, Aydýn, Ege Bölgesi, 09270, Türkiye[37.4466145, 27.3433906627753]
196??[35.000074, 104.999927]
197Ýncirliova, Aydýn, Ege Bölgesi, Türkiye[37.8517502, 27.7212678]
198Germencik, Aydýn, Ege Bölgesi, 09700, Türkiye[37.90146395, 27.5613383463379]
199Bozdoðan, Aydýn, Ege Bölgesi, Türkiye[37.6729841, 28.3123037]
200Köþk, Aydýn, Ege Bölgesi, Türkiye[37.8532013, 28.0517991]
201Kuyucak, Aydýn, Ege Bölgesi, Türkiye[37.9149191, 28.4596384]
202Sultanhisar, Aydýn, Ege Bölgesi, Türkiye[37.8898586, 28.1544266]
203Karacasu, Aydýn, Ege Bölgesi, Türkiye[37.7267603, 28.6053577]
204Yenipazar, Bilecik, Marmara Bölgesi, Türkiye[40.1766829, 30.5190761]
205Buharkent, Aydýn, Ege Bölgesi, 09670, Türkiye[37.9654749, 28.7434958]
206Karpuzlu, Aydýn, Ege Bölgesi, Türkiye[37.5596859, 27.8353201]
207Karesi, Balýkesir, Marmara Bölgesi, Türkiye[39.79403785, 27.8900425569249]
208Altýeylül, Balýkesir, Marmara Bölgesi, 10100, Türkiye[39.5601111, 27.8307478679131]
209Bandýrma, Balýkesir, Marmara Bölgesi, Türkiye[40.25827205, 27.9476535981387]
210Edremit, Balýkesir, Marmara Bölgesi, 10302, Türkiye[39.597846, 27.0181836]
211Gönen, Balýkesir, Marmara Bölgesi, 10900, Türkiye[40.1043432, 27.6566246]
212Ayvalýk, Balýkesir, Marmara Bölgesi, Türkiye[39.26710455, 26.7923779822461]
213Burhaniye, Balýkesir, Marmara Bölgesi, 10700, Türkiye[39.505955, 26.976738]
214Bigadiç, Balýkesir, Marmara Bölgesi, 10440, Türkiye[39.4310171, 28.252807367212]
215Susurluk, Balýkesir, Marmara Bölgesi, Türkiye[39.9478189, 28.1481752673449]
216Dursunbey, Balýkesir, Marmara Bölgesi, Türkiye[39.5880141, 28.6253818]
217Sýndýrgý, Balýkesir, Marmara Bölgesi, 10330, Türkiye[39.2248174, 28.3234474069094]
218Ývrindi, Balýkesir, Marmara Bölgesi, Türkiye[39.5185374, 27.4308357194589]
219Erdek, Balýkesir, Marmara Bölgesi, 10500, Türkiye[40.448032, 27.8847805991557]
220Havran, okres Poprad, Prešovsk? kraj, V?chodné Slovensko, 05956, Slovensko[49.248313, 20.19751]
221Kepsut, Balýkesir, Marmara Bölgesi, Türkiye[39.6734581, 28.2337792394726]
222Manyas, Balýkesir, Marmara Bölgesi, Türkiye[40.0655748, 27.9318901321433]
223Savaþtepe, Balýkesir, Marmara Bölgesi, Türkiye[39.3850167, 27.6575546]
224Balya, Balýkesir, Marmara Bölgesi, Türkiye[39.7980315, 27.5747663539115]
225Gömeç, Balýkesir, Marmara Bölgesi, 10715, Türkiye[39.3895913, 26.8406128]
226Marmara, Balýkesir, Marmara Bölgesi, Türkiye[40.62164065, 27.6294272209273]
227Merkez, Alaçam, Samsun, Karadeniz Bölgesi, 55000, Türkiye[41.4897596, 35.5880988]
228Bozüyük, Bilecik, Marmara Bölgesi, 11300, Türkiye[39.8235994, 29.9238135890355]
229Osmaneli, Bilecik, Marmara Bölgesi, 11500, Türkiye[40.357266, 30.0162928]
230Söðüt, Bilecik, Marmara Bölgesi, Türkiye[40.0032616, 30.1737765960604]
231Gölpazarý, Bilecik, Marmara Bölgesi, Türkiye[40.2620227, 30.2988304348808]
232Pazaryeri, Bilecik, Marmara Bölgesi, Türkiye[40.01777195, 29.8777537029664]
233Yenipazar, Bilecik, Marmara Bölgesi, Türkiye[40.1766829, 30.5190761]
234Ýnhisar, Uluborlu, Isparta, Akdeniz Bölgesi, Türkiye[38.1121729, 30.4287257]
235Merkez, Alaçam, Samsun, Karadeniz Bölgesi, 55000, Türkiye[41.4897596, 35.5880988]
236Genç, Bingöl, Doðu Anadolu Bölgesi, Türkiye[38.7504417, 40.5568522]
237Solhan, Yagha, Sahel, Burkina[13.348052, 0.399418333796578]
238Karlýova, Bingöl, Doðu Anadolu Bölgesi, Türkiye[39.254937, 40.9366611681829]
239Adaklý, Bingöl, Doðu Anadolu Bölgesi, Türkiye[39.2291558, 40.4832099]
240Kiðý, Bingöl, Doðu Anadolu Bölgesi, Türkiye[39.2776823, 40.2723413406514]
241Yedisu, Bingöl, Doðu Anadolu Bölgesi, Türkiye[39.4349092, 40.5445063]
242Yayladere, Bingöl, Doðu Anadolu Bölgesi, Türkiye[39.2262575, 40.0691795]
243Tatvan, Bitlis, Doðu Anadolu Bölgesi, 13200, Türkiye[38.46369355, 42.4860233133384]
244Merkez, Alaçam, Samsun, Karadeniz Bölgesi, 55000, Türkiye[41.4897596, 35.5880988]
245Güroymak, Bitlis, Doðu Anadolu Bölgesi, Türkiye[38.5779954, 42.0178828]
246Ahlat, Bitlis, Doðu Anadolu Bölgesi, 13400, Türkiye[38.79039295, 42.3657932945127]
247Hizan, Bitlis, Doðu Anadolu Bölgesi, Türkiye[38.15455855, 42.4713815368339]
248Mutki, Bitlis, Doðu Anadolu Bölgesi, Türkiye[38.4192503, 41.7915751363068]
249Adilcevaz, Bitlis, Doðu Anadolu Bölgesi, Türkiye[38.8185525, 42.8960498146638]
250Merkez, Alaçam, Samsun, Karadeniz Bölgesi, 55000, Türkiye[41.4897596, 35.5880988]
251Gerede, Bolu, Karadeniz Bölgesi, Türkiye[40.7053927, 32.3304771584438]
252Mudurnu, Bolu, Karadeniz Bölgesi, Türkiye[40.49631425, 31.2256672321449]
253Göynük, Bolu, Karadeniz Bölgesi, Türkiye[40.3253621, 30.8335574924766]
254Mengen, Bolu, Karadeniz Bölgesi, 14840, Türkiye[40.9300335, 32.0928316301288]
255Yeniçaða, Bolu, Karadeniz Bölgesi, 14650, Türkiye[40.7703852, 32.0336407]
256Dörtdivan, Bolu, Karadeniz Bölgesi, Türkiye[40.5915526, 32.0034322985839]
257Seben, Bolu, Karadeniz Bölgesi, Türkiye[40.4116012, 31.5729006]
258Kýbrýscýk, Bolu, Karadeniz Bölgesi, Türkiye[40.4123071, 31.8766586081505]
259Merkez, Alaçam, Samsun, Karadeniz Bölgesi, 55000, Türkiye[41.4897596, 35.5880988]
260Bucak, Burdur, Akdeniz Bölgesi, 15300, Türkiye[37.4567447, 30.5855392]
261Gölhisar, Burdur, Akdeniz Bölgesi, Türkiye[37.1481403, 29.5119786]
262Yeþilova, Küçükçekmece, Ýstanbul, Marmara Bölgesi, Türkiye[40.99253255, 28.7869649561826]
263Çavdýr, Burdur, Akdeniz Bölgesi, Türkiye[37.154989, 29.6900028]
264Tefenni, Burdur, Akdeniz Bölgesi, Türkiye[37.3132492, 29.7759765]
265Aðlasun, Burdur, Akdeniz Bölgesi, Türkiye[37.6496612, 30.5331918]
266Karamanlý, Dulkadiroðlu, Kahramanmaraþ, Akdeniz Bölgesi, Türkiye[37.8013524, 37.0219335]
267Altýnyayla, Sivas, Ýç Anadolu Bölgesi, Türkiye[39.24059145, 36.760267999204]
268Çeltikçi, Burdur, Akdeniz Bölgesi, 15070, Türkiye[37.534143, 30.4824927]
269Kemer, Antalya, Akdeniz Bölgesi, 07990, Türkiye[36.6019034, 30.5618498]
270Osmangazi, Bursa, Marmara Bölgesi, Türkiye[40.16507935, 29.0196117708777]
271Yýldýrým, ?????????? - Maðusa, Kuzey Kýbrýs, ?????? - Kýbrýs[35.2395041, 33.7808514]
272Nilüfer, Bursa, Marmara Bölgesi, 16000, Türkiye[40.2129489, 28.9627863]
273Gemlik, Bursa, Marmara Bölgesi, 16600, Türkiye[40.44584945, 29.1799867634759]
274Mustafakemalpaþa, Bursa, Marmara Bölgesi, 16500, Türkiye[39.9550871, 28.5122518748982]
275Mudanya, Bursa, Marmara Bölgesi, 16940, Türkiye[40.3267565, 28.7746225041781]
276Gürsu, Gürsü, Bursa, Marmara Bölgesi, 16300, Türkiye[40.2172896, 29.1914988]
277Karacabey, Bursa, Marmara Bölgesi, 16700, Türkiye[40.2127591, 28.361454]
278Orhangazi, Sultanbeyli, Ýstanbul, Marmara Bölgesi, Türkiye[40.9418705, 29.2899405961713]
279Kestel, Landkreis Kronach, Oberfranken, Bayern, 96328, Deutschland[50.229601, 11.2911338]
280Yeniþehir, Diyarbakýr, Güneydoðu Anadolu Bölgesi, Türkiye[37.9226158, 40.224687]
281Ýznik, Bursa, Marmara Bölgesi, 16860, Türkiye[40.4735862, 29.6903748535141]
282Orhaneli, Bursa, Marmara Bölgesi, Türkiye[39.9026561, 28.9866861]
283keles, Bursa, Osmangazi, Bursa, Marmara Bölgesi, Türkiye[40.0826178, 28.9989406]
284Büyükorhan, Bursa, Marmara Bölgesi, Türkiye[39.770909, 28.88541]
285Harmancýk, Bursa, Marmara Bölgesi, 16770, Türkiye[39.6769446, 29.1533522]
286Merkez, Alaçam, Samsun, Karadeniz Bölgesi, 55000, Türkiye[41.4897596, 35.5880988]
287Biga, Çanakkale, Marmara Bölgesi, 17200, Türkiye[40.28071175, 27.2555498456137]
288Çan, Karakoçan, Elazýð, Doðu Anadolu Bölgesi, Türkiye[39.1549537, 40.212919]
289Gelibolu, Çanakkale, Marmara Bölgesi, 17500, Türkiye[40.414025, 26.6695125]
290Yenice, Karabük, Karadeniz Bölgesi, Türkiye[41.16572785, 32.2850884443141]
291Ayvacýk, Ayvacik, Çanakkale, Marmara Bölgesi, Türkiye[39.601185, 26.4031312]
292Ezine, Çanakkale, Marmara Bölgesi, Türkiye[39.8020522, 26.3050617805383]
293Bayramiç, Çanakkale, Marmara Bölgesi, Türkiye[39.8086241, 26.6130041]
294Lapseki, Çanakkale, Marmara Bölgesi, 17802, Türkiye[40.25712425, 26.7691223696588]
295Eceabat, Çanakkale, Marmara Bölgesi, 17900, Türkiye[40.21212065, 26.332067669258]
296Gökçeada, Çanakkale, Marmara Bölgesi, Türkiye[40.16585365, 25.8314337745211]
297Bozcaada, Çanakkale, Marmara Bölgesi, 17680, Türkiye[39.8170524, 26.0395466352618]
298Merkez, Alaçam, Samsun, Karadeniz Bölgesi, 55000, Türkiye[41.4897596, 35.5880988]
299Çerkeþ, Çankýrý, Ýç Anadolu Bölgesi, Türkiye[40.8116294, 32.8935236]
300Ilgaz, Çankýrý, Ýç Anadolu Bölgesi, 18400, Türkiye[40.9250068, 33.6261642]
301Lago d'Orta, Strada Provinciale 229 del Lago d'Orta, Pettenasco, NO, PIE, 28028, Italia[45.8193244, 8.39426795942068]
302Þabanözü, Çankýrý, Ýç Anadolu Bölgesi, Türkiye[40.4833872, 33.2824563]
303Kurþunlu, Çankýrý, Ýç Anadolu Bölgesi, 18300, Türkiye[40.81451515, 33.313307226425]
304Yapraklý, Çankýrý, Ýç Anadolu Bölgesi, Türkiye[40.7575973, 33.7786302]
305Kýzýlýrmak, Çorum merkez, Çorum, Karadeniz Bölgesi, 50500, Türkiye[40.6906562, 34.7207795]
306Atkaracalar, Çankýrý, Ýç Anadolu Bölgesi, Türkiye[40.8170362, 33.0744882]
307Eldivan, Çankýrý, Ýç Anadolu Bölgesi, Türkiye[40.5306791, 33.4966173]
308Korgun, Çankýrý, Ýç Anadolu Bölgesi, Türkiye[40.7350987, 33.5183405]
309Bayramören, Çankýrý, Ýç Anadolu Bölgesi, Türkiye[40.9432713, 33.2026175]
310Merkez, Alaçam, Samsun, Karadeniz Bölgesi, 55000, Türkiye[41.4897596, 35.5880988]
311Sungurlu, Çorum, Karadeniz Bölgesi, Türkiye[40.1652438, 34.3787827]
312Osmancýk, Çorum, Karadeniz Bölgesi, 19500, Türkiye[40.9780582, 34.8062245]
313Ýskilip, Çorum, Karadeniz Bölgesi, Türkiye[40.7312881, 34.4733278]
314Alaca, Çorum, Karadeniz Bölgesi, Türkiye[40.1630414, 34.9235739683256]
315Bayat, Çorum, Karadeniz Bölgesi, Türkiye[40.6436179, 34.2578964]
316Mecitözü, Çorum, Karadeniz Bölgesi, Türkiye[40.5221326, 35.2955252]
317Kargý, Çorum, Karadeniz Bölgesi, Türkiye[41.1313939, 34.4900436]
318Ortaköy, Çatalpýnar, Ordu, Karadeniz Bölgesi, Türkiye[40.804993, 37.426121]
319Uðurludað, Bucak, Burdur, Akdeniz Bölgesi, Türkiye[37.2958285, 30.5318251]
320Dodurga, Çorum, Karadeniz Bölgesi, Türkiye[40.8299589, 34.7668754192529]
321Oðuzlar, Çorum, Karadeniz Bölgesi, Türkiye[40.7533702, 34.7043298]
322??[35.000074, 104.999927]
323Boðazkale, Çorum, Karadeniz Bölgesi, Türkiye[40.03057235, 34.5442632540689]
324Pamukkale, Denizli, Ege Bölgesi, Türkiye[37.9164906, 29.1193081]
325Merkezefendi, Denizli, Ege Bölgesi, Türkiye[37.7918205, 29.0666541]
326Çivril, Hacýbektaþ, Nevþehir, Ýç Anadolu Bölgesi, 50800, Türkiye[38.9649827, 34.5093618]
327Acýpayam, Denizli, Ege Bölgesi, Türkiye[37.4269098, 29.3502917]
328Tavas, Denizli, Ege Bölgesi, 20500, Türkiye[37.572618, 29.071421]
329Honaz, Denizli, Ege Bölgesi, Türkiye[37.7581791, 29.2695789]
330Sarayköy, Denizli, Ege Bölgesi, Türkiye[37.91294185, 28.8675388063135]
331Buldan, Denizli, Ege Bölgesi, Türkiye[38.045104, 28.8310117]
332Kale, Jahun, Jigawa, Nigeria[12.1, 9.333333]
333CAL, Italia[39.0565974, 16.5249864]
334Çameli, Denizli, Ege Bölgesi, Türkiye[37.0761111, 29.3447222]
335Serinhisar, Denizli, Ege Bölgesi, Türkiye[37.5764593, 29.2662284]
336Bozkurt, Kastamonu, Karadeniz Bölgesi, 37680, Türkiye[41.959048, 34.011602]
337Güney, Denizli, Ege Bölgesi, Türkiye[38.14482065, 29.0672217929886]
338Çardak, Denizli, Ege Bölgesi, Türkiye[37.74318295, 29.7503353354593]
339Bekilli, Denizli, Ege Bölgesi, Türkiye[38.2493128, 29.4187806094719]
340Beyaðaç, Denizli, Ege Bölgesi, Türkiye[37.2348064, 28.8961565]
341Babadað, Denizli, Ege Bölgesi, Türkiye[37.8077123, 28.856383]
342Baklan, Balkan, Denizli, Ege Bölgesi, Türkiye[37.9772371, 29.6075103]
343Baðlar, Diyarbakýr, Güneydoðu Anadolu Bölgesi, Türkiye[37.9252413, 40.1931443]
344Kayapýnar, Diyarbakýr, Güneydoðu Anadolu Bölgesi, 21070, Türkiye[37.9481807, 40.1709204]
345Yeniþehir, Diyarbakýr, Güneydoðu Anadolu Bölgesi, Türkiye[37.9226158, 40.224687]
346Ergani, Diyarbakýr, Güneydoðu Anadolu Bölgesi, 21952, Türkiye[38.08814585, 39.7709667331745]
347Sur, Diyarbakýr, Güneydoðu Anadolu Bölgesi, Türkiye[37.9112197, 40.2366079]
348Bismil, Diyarbakýr, Güneydoðu Anadolu Bölgesi, 21500, Türkiye[37.8548313, 40.7354958873354]
349Silvan, Diyarbakýr, Güneydoðu Anadolu Bölgesi, Türkiye[38.14284345, 40.9864075151793]
350çýnar, Ýçerenköy, Ataþehir, Ýstanbul, Marmara Bölgesi, 34744, Türkiye[40.9639285, 29.1154329541975]
351Çermik, Diyarbakýr, Güneydoðu Anadolu Bölgesi, Türkiye[38.1361239, 39.4524896]
352Dicle, Sur, Diyarbakýr, Güneydoðu Anadolu Bölgesi, 21000, Türkiye[37.9268511, 40.2463223]
353Kulp, Diyarbakýr, Güneydoðu Anadolu Bölgesi, Türkiye[38.48605755, 41.0884026467078]
354Hani, Diyarbakýr, Güneydoðu Anadolu Bölgesi, Türkiye[38.4127864, 40.3936549]
355Lice, Diyarbakýr, Güneydoðu Anadolu Bölgesi, Türkiye[38.466141, 40.6602986898211]
356Eðil, Diyarbakýr, Güneydoðu Anadolu Bölgesi, Türkiye[38.1997058, 40.1127013759228]
357Hazro, Diyarbakýr, Güneydoðu Anadolu Bölgesi, Türkiye[38.229126, 40.7666779467149]
358Kocaköy, Diyarbakýr, Güneydoðu Anadolu Bölgesi, Türkiye[38.2485184, 40.5190577253718]
359Çüngüþ, Diyarbakýr, Güneydoðu Anadolu Bölgesi, Türkiye[38.22822095, 39.3115886544337]
360Merkez, Alaçam, Samsun, Karadeniz Bölgesi, 55000, Türkiye[41.4897596, 35.5880988]
361Keþan, Edirne, Marmara Bölgesi, 22800, Türkiye[40.8556541, 26.6318932]
362Uzunköprü, Edirne, Marmara Bölgesi, Türkiye[41.23445095, 26.7642275065983]
363Ýpsala, Edirne, Marmara Bölgesi, 22400, Türkiye[40.91799265, 26.4148816704388]
364Havsa, Edirne, Marmara Bölgesi, Türkiye[41.5494644, 26.8227959]
365Meriç, ???????? - Lefkoþa, Kuzey Kýbrýs, ?????? - Kýbrýs[35.1750877, 33.5504192]
366Enez, Edirne, Marmara Bölgesi, Türkiye[40.7244543, 26.0852327]
367Süloðlu, Edirne, Marmara Bölgesi, Türkiye[41.7656982, 26.9080072]
368Lalapaþa, Edirne, Marmara Bölgesi, Türkiye[41.8399008, 26.7345285]
369Merkez, Alaçam, Samsun, Karadeniz Bölgesi, 55000, Türkiye[41.4897596, 35.5880988]
370Kovancýlar, Elazýð, Doðu Anadolu Bölgesi, Türkiye[38.7189254, 39.8659125]
371Karakoçan, Elazýð, Doðu Anadolu Bölgesi, 23600, Türkiye[38.9564458, 40.0380269]
372Kota Palu, Sulawesi Tengah, Indonesia[-0.8296325, 119.8979865]
373Arýcak, Elazýð, Doðu Anadolu Bölgesi, Türkiye[38.5635717, 40.1347763]
374Baskil, Elazýð, Doðu Anadolu Bölgesi, Türkiye[38.57561335, 38.6207722305846]
375Madenköy, Çatalpýnar, Ordu, Karadeniz Bölgesi, Türkiye[40.860886, 37.411373]
376Sivrice, Elazýð, Doðu Anadolu Bölgesi, Türkiye[38.40730995, 39.1721388444139]
377Alacakaya, Elazýð, Doðu Anadolu Bölgesi, Türkiye[38.47460365, 39.8343083897187]
378Keban, Batam, Kepulauan Riau, Indonesia[0.88, 103.770556]
379Aðýn, Elazýð, Doðu Anadolu Bölgesi, Türkiye[38.9442217, 38.7139084]
380Merkez, Alaçam, Samsun, Karadeniz Bölgesi, 55000, Türkiye[41.4897596, 35.5880988]
381Tercan, Erzincan, Doðu Anadolu Bölgesi, Türkiye[39.7785186, 40.3827409]
382Üzümlü, Erzincan, Doðu Anadolu Bölgesi, Türkiye[39.6704427, 39.8506602454707]
383Çayýrlý, Erzincan, Doðu Anadolu Bölgesi, Türkiye[39.8040818, 40.0371836]
384Ilýç, Erzincan, Doðu Anadolu Bölgesi, Türkiye[39.52941375, 38.4730774343107]
385Kemah, Galveston County, Texas, 77574, United States of America[29.5427297, -95.0204837]
386Kemaliye, Erzincan, Doðu Anadolu Bölgesi, Türkiye[39.20969675, 38.5567828386723]
387Otlukbeli, Erzincan, Doðu Anadolu Bölgesi, Türkiye[39.9719481, 40.0216762]
388Yakutiye, Erzurum, Doðu Anadolu Bölgesi, Türkiye[39.9183266, 41.2793868]
389Palandöken, Tutak, Aðrý, Doðu Anadolu Bölgesi, Türkiye[39.5430157, 42.9152472]
390Aziziye, Erzurum, Doðu Anadolu Bölgesi, Türkiye[39.9454672, 41.1060051]
391Horasan, Erzurum, Doðu Anadolu Bölgesi, Türkiye[40.0404204, 42.164412]
392Oltu, Erzurum, Doðu Anadolu Bölgesi, 25400, Türkiye[40.56762755, 41.9614689761903]
393Pasinler, Erzurum, Doðu Anadolu Bölgesi, Türkiye[39.9773129, 41.674491]
394Karayazý, Erzurum, Doðu Anadolu Bölgesi, Türkiye[39.7029641, 42.1439792]
395Hýnýs, Erzurum, Doðu Anadolu Bölgesi, Türkiye[39.35924255, 41.6401515360415]
396Tekman, Erzurum, Doðu Anadolu Bölgesi, Türkiye[39.60564975, 41.4319182733895]
397Karaçoban, Erzurum, Doðu Anadolu Bölgesi, Türkiye[39.34711905, 42.067383325]
398Aþkale, Erzurum, Doðu Anadolu Bölgesi, Türkiye[39.89293065, 40.7063481645096]
399þenkaya, çatal zeytin sokak, Bahçelievler, Pendik, Ýstanbul, Marmara Bölgesi, 34893, Türkiye[40.8883608, 29.2330942017785]
400CAT, España[41.8523094, 1.5745043]
401Köprüköy, Erzurum, Doðu Anadolu Bölgesi, Türkiye[39.9227913, 41.9070327571106]
402Ýspir, Erzurum, Doðu Anadolu Bölgesi, Türkiye[40.5254741, 40.9953511325329]
403Tortum, Erzurum, Doðu Anadolu Bölgesi, Türkiye[40.36637165, 41.4282369563633]
404Narman, Erzurum, Doðu Anadolu Bölgesi, Türkiye[40.3020091, 41.8589494133124]
405Uzundere, Erzurum, Doðu Anadolu Bölgesi, Türkiye[40.58285985, 41.5917760543095]
406Olur, Erzurum, Doðu Anadolu Bölgesi, Türkiye[40.82741, 42.131829]
407Pazaryolu, Erzurum, Doðu Anadolu Bölgesi, Türkiye[40.42743185, 40.7007859394175]
408Odunpazarý, Eskiþehir, Ýç Anadolu Bölgesi, Türkiye[39.63286515, 30.5474008598018]
409Tepebaþý, Eskiþehir, Ýç Anadolu Bölgesi, 26000, Türkiye[39.7926524, 30.5177635]
410Sivrihisar, Eskiþehir, Ýç Anadolu Bölgesi, 26600, Türkiye[39.38734315, 31.4705259275052]
411Çifteler, Eskiþehir, Ýç Anadolu Bölgesi, Türkiye[39.380486, 31.0411475]
412Seyitgazi, Eskiþehir, Ýç Anadolu Bölgesi, Türkiye[39.4442048, 30.6980388]
413Alpu, Eskiþehir, Ýç Anadolu Bölgesi, Türkiye[39.7647122, 30.9574548]
414Mihalýççýk, Eskiþehir, Ýç Anadolu Bölgesi, Türkiye[39.8458973, 31.5813919691274]
415Mahmudiye, Eskiþehir, Ýç Anadolu Bölgesi, Türkiye[39.4970414, 30.9846773]
416Beylikova, Eskiþehir, Ýç Anadolu Bölgesi, Türkiye[39.6927622, 31.2075869]
417Inönü, Esenyurt, Ýstanbul, Marmara Bölgesi, 34510, Türkiye[41.028412, 28.6892086]
418Sarýcakaya, Eskiþehir, Ýç Anadolu Bölgesi, Türkiye[40.06306445, 30.7308113616089]
419Günyüzü, Arapgir, Malatya, Doðu Anadolu Bölgesi, Türkiye[38.9809024, 38.470375]
420Mihalgazi, Eskiþehir, Ýç Anadolu Bölgesi, Türkiye[40.02016645, 30.5450894794707]
421Hancock County, Ohio, United States of America[40.9939911, -83.6587588]
422Þahinbey, Gaziantep, Güneydoðu Anadolu Bölgesi, 27020, Türkiye[37.0418989, 37.3801976]
423Þehitkamil, Gaziantep, Güneydoðu Anadolu Bölgesi, 27090, Türkiye[37.0794498, 37.3672402]
424Nizip, Gaziantep, Güneydoðu Anadolu Bölgesi, 27700, Türkiye[37.0108864, 37.7931734]
425Ýslahiye, Gaziantep, Güneydoðu Anadolu Bölgesi, 27800, Türkiye[37.0254332, 36.6327067]
426Nurdaðý, Gaziantep, Güneydoðu Anadolu Bölgesi, Türkiye[37.178612, 36.7414407]
427Araban, Gaziantep, Güneydoðu Anadolu Bölgesi, Türkiye[37.4259312, 37.6891987]
428Oðuzeli, Gaziantep, Güneydoðu Anadolu Bölgesi, Türkiye[36.9638703, 37.5125371]
429Yavuzeli, Gaziantep, Güneydoðu Anadolu Bölgesi, Türkiye[37.3176328, 37.5685072]
430Karkamýþ, 27-26, ??????, Karkamýþ, Gaziantep, Güneydoðu Anadolu Bölgesi, 27700, Türkiye[36.82947115, 38.0153987414069]
431Merkez, Alaçam, Samsun, Karadeniz Bölgesi, 55000, Türkiye[41.4897596, 35.5880988]
432Bulancak, Giresun, Karadeniz Bölgesi, 28300, Türkiye[40.93582, 38.2280555]
433Espiye, Giresun, Karadeniz Bölgesi, 28600, Türkiye[40.9488641, 38.7125213]
434Görele, Giresun, Karadeniz Bölgesi, 28800, Türkiye[40.9089025, 39.1061036328056]
435Tirebolu, Giresun, Karadeniz Bölgesi, 28500, Türkiye[40.91779665, 38.870469067474]
436Dereli, Çaycuma, Zonguldak, Karadeniz Bölgesi, 67900, Türkiye[41.415619, 32.042885]
437Þebinkarahisar, Giresun, Karadeniz Bölgesi, 28400, Türkiye[40.31093015, 38.4108834610838]
438Keþap, Giresun, Karadeniz Bölgesi, 28902, Türkiye[40.83263615, 38.560752656245]
439Yaðlýdere, Giresun, Karadeniz Bölgesi, Türkiye[40.8603619, 38.6260713]
440Alucra, Giresun, Karadeniz Bölgesi, Türkiye[40.37583855, 38.8578226195369]
441Piraziz, Giresun, Karadeniz Bölgesi, Türkiye[40.8723371, 38.081499089228]
442Eynesil, Giresun, Karadeniz Bölgesi, Türkiye[41.0642236, 39.1431562]
443Güce, Giresun, Karadeniz Bölgesi, Türkiye[40.74294665, 38.8635879530709]
444Çanakçý, Dursunbey, Balýkesir, Marmara Bölgesi, Türkiye[39.3788532, 28.7866208]
445Doðankent, Alaçam, Samsun, Karadeniz Bölgesi, Türkiye[41.546272, 35.449089]
446Çamoluk, Sungurlu, Çorum, Karadeniz Bölgesi, Türkiye[39.9752132, 34.273164]
447Merkez, Alaçam, Samsun, Karadeniz Bölgesi, 55000, Türkiye[41.4897596, 35.5880988]
448Kelkit, Gümüþhane, Karadeniz Bölgesi, Türkiye[40.1305081, 39.4343161]
449Þiran, Gümüþhane, Karadeniz Bölgesi, Türkiye[40.1898258, 39.1252323]
450Kürtün, Çarþamba, Samsun, Karadeniz Bölgesi, Türkiye[41.189686, 36.832916]
451Torul, Gümüþhane, Karadeniz Bölgesi, Türkiye[40.49014555, 39.1761912492787]
452Köse, Araç, Kastamonu, Karadeniz Bölgesi, Türkiye[41.1871734, 33.1997525]
453Yüksekova, Hakkari, Doðu Anadolu Bölgesi, 30300, Türkiye[37.5717687, 44.2821698]
454Merkez, Alaçam, Samsun, Karadeniz Bölgesi, 55000, Türkiye[41.4897596, 35.5880988]
455Çukurca, Hakkari, Doðu Anadolu Bölgesi, Türkiye[37.246423, 43.6112852]
456Þemdinli, Hakkari, Doðu Anadolu Bölgesi, Türkiye[37.2164353, 44.5149319790323]
457Çukurca, Hakkari, Doðu Anadolu Bölgesi, Türkiye[37.246423, 43.6112852]
458Antakya, Antakya (merkez), Hatay, Akdeniz Bölgesi, 31060, Türkiye[36.2176872, 36.1653617]
459Ýskenderun, Hatay, Akdeniz Bölgesi, Türkiye[36.6215136, 36.2654181002781]
460Defne, Hatay, Akdeniz Bölgesi, Türkiye[36.1488751, 36.1236345192122]
461Dörtyol, Kozaklý, Nevþehir, Ýç Anadolu Bölgesi, 50600, Türkiye[39.1671372, 34.8530059]
462Samandað, Hatay, Akdeniz Bölgesi, Türkiye[36.1604416, 35.983861765446]
463Kýrýkhan, Hatay, Akdeniz Bölgesi, Türkiye[36.52343915, 36.4141058950633]
464Reyhanlý, Hatay, Akdeniz Bölgesi, 31500, Türkiye[36.2679188, 36.5673963]
465Arsuz, Hatay, Akdeniz Bölgesi, 31350, Türkiye[36.4191137, 35.9899031360049]
466Altýnözü, Hatay, Akdeniz Bölgesi, Türkiye[36.07271735, 36.2777683339383]
467Hassa, Pýnarbaþý, Kayseri, Ýç Anadolu Bölgesi, Türkiye[38.737602, 36.110626]
468Erzin, Hatay, Akdeniz Bölgesi, 31960, Türkiye[36.94043265, 36.142589388472]
469Payas, Hatay, Akdeniz Bölgesi, 31900, Türkiye[36.7222199, 36.2975178455956]
470Berlin, 10117, Deutschland[52.5170365, 13.3888599]
471Yayladaðý, Hatay, Akdeniz Bölgesi, Türkiye[35.900894, 36.0653387]
472Kumlu, Hatay, Akdeniz Bölgesi, Türkiye[36.3651122, 36.4534466]
473Merkez, Alaçam, Samsun, Karadeniz Bölgesi, 55000, Türkiye[41.4897596, 35.5880988]
474Yalvaç, Isparta, Akdeniz Bölgesi, 32400, Türkiye[38.31571815, 31.0516795934504]
475Eðirdir, Isparta, Akdeniz Bölgesi, Türkiye[37.8741257, 30.8490411]
476Þarkîkaraaðaç, Isparta, Akdeniz Bölgesi, Türkiye[37.92314525, 31.310794157793]
477Gelendost, Isparta, Akdeniz Bölgesi, 32900, Türkiye[38.1219635, 31.0146867]
478Keçiborlu, Isparta, Akdeniz Bölgesi, Türkiye[37.9448799, 30.3003582]
479Senirkent, Isparta, Akdeniz Bölgesi, Türkiye[38.1604714, 30.664056582082]
480Sütçüler, Enez, Edirne, Marmara Bölgesi, Türkiye[40.711473, 26.3191665]
481Gönen, Balýkesir, Marmara Bölgesi, 10900, Türkiye[40.1043432, 27.6566246]
482Uluborlu, Isparta, Akdeniz Bölgesi, Türkiye[38.0783825, 30.4489623]
483Atabey, Isparta, Akdeniz Bölgesi, Türkiye[37.950625, 30.6380574]
484Aksu, Isparta, Akdeniz Bölgesi, Türkiye[37.71115205, 31.1955647242318]
485Yeniþarbademli, Þarkîkaraaðaç, Isparta, Akdeniz Bölgesi, Türkiye[37.7077778, 31.3863889]
486Tarsus, Mersin, Akdeniz Bölgesi, Türkiye[37.03060595, 34.87781340402]
487Toroslar, Mersin, Akdeniz Bölgesi, Türkiye[36.8393264, 34.6136324]
488Akdeniz, Girne - ????????, Kuzey Kýbrýs, Kuzey Kýbrýs Türk Cumhuriyeti[35.3020118, 32.9634167]
489Yeniþehir, Diyarbakýr, Güneydoðu Anadolu Bölgesi, Türkiye[37.9226158, 40.224687]
490Mezitli, Mersin, Akdeniz Bölgesi, 33170, Türkiye[36.7451372, 34.5242359]
491Erdemli, Mersin, Akdeniz Bölgesi, 33730, Türkiye[36.8076152, 34.1203398245959]
492Silifke, Mersin, Akdeniz Bölgesi, Türkiye[36.5922712, 33.9492493367835]
493Anamur, Mersin, Akdeniz Bölgesi, Türkiye[36.27231265, 32.7711290871812]
494Mut, Mersin, Akdeniz Bölgesi, 33600, Türkiye[36.70470335, 33.3659099284289]
495Bozyazý, Mersin, Akdeniz Bölgesi, Türkiye[36.1032553, 32.974656]
496Gülnar, Mersin, Akdeniz Bölgesi, Türkiye[36.3386826, 33.4010702]
497Aydýncýk, Yozgat, Ýç Anadolu Bölgesi, Türkiye[40.16684125, 35.266852439877]
498Çamlýyayla, Mersin, Akdeniz Bölgesi, 33580, Türkiye[37.1710674, 34.6217928]
499Esenyurt, Ýstanbul, Marmara Bölgesi, Türkiye[41.04892005, 28.6581173127615]
500Küçükçekmece, Ýstanbul, Marmara Bölgesi, Türkiye[41.021033, 28.7764316020368]
501Baðcýlar, Ýstanbul, Marmara Bölgesi, Türkiye[41.0447291, 28.8337135105443]
502Ümraniye, Ýstanbul, Marmara Bölgesi, Türkiye[41.02721865, 29.1274593422018]
503Pendik, Ýstanbul, Marmara Bölgesi, Türkiye[40.95637645, 29.3545807771283]
504Bahçelievler, Ýstanbul, Marmara Bölgesi, Türkiye[41.0002895, 28.8637451]
505Üsküdar, Ýstanbul, Marmara Bölgesi, 34674, Türkiye[41.0293083, 29.0326345]
506Sultangazi, Ýstanbul, Marmara Bölgesi, 34270, Türkiye[41.1081703, 28.8613138]
507Gaziosmanpaþa, Ýstanbul, Marmara Bölgesi, Türkiye[41.0734206, 28.9015561330191]
508Maltepe, Ýstanbul, Marmara Bölgesi, Türkiye[40.943396, 29.159671719134]
509Kartal, Ýstanbul, Marmara Bölgesi, Türkiye[40.91503635, 29.2037170679735]
510Esenler, Ýstanbul, Marmara Bölgesi, Türkiye[41.0620017, 28.8695377605765]
511Kadýköy, Ýstanbul, Marmara Bölgesi, 34710, Türkiye[40.9906637, 29.022181]
512Kaðýthane, Ýstanbul, Marmara Bölgesi, Türkiye[41.08303245, 28.9838506957925]
513Avcýlar, Ýstanbul, Marmara Bölgesi, Türkiye[40.9801353, 28.7175465]
514Ataþehir, Ýstanbul, Marmara Bölgesi, Türkiye[40.9847487, 29.1067199]
515Fatih, Ýstanbul, Marmara Bölgesi, Türkiye[41.014462, 28.9545506959692]
516Eyüp, Ýstanbul, Marmara Bölgesi, Türkiye[41.1652931, 28.8831602861968]
517Sancaktepe, Ýstanbul, Marmara Bölgesi, Türkiye[40.99943825, 29.2252495030497]
518Baþakþehir, Ýstanbul, Marmara Bölgesi, Türkiye[41.1027276, 28.7724595536567]
519Sarýyer, Ýstanbul, Marmara Bölgesi, Türkiye[41.1717094, 29.0083627922986]
520Sultanbeyli, Ýstanbul, Marmara Bölgesi, Türkiye[40.9658834, 29.2723659]
521Güngören, Ýstanbul, Marmara Bölgesi, 34160, Türkiye[41.0198102, 28.8748379095875]
522Beylikdüzü, Ýstanbul, Marmara Bölgesi, Türkiye[41.0010788, 28.642054]
523Zeytinburnu, Ýstanbul, Marmara Bölgesi, 34025, Türkiye[40.9881355, 28.9037425]
524Bayrampaþa, Ýstanbul, Marmara Bölgesi, Türkiye[41.0512479, 28.8984693647258]
525Þiþli, Ýstanbul, Marmara Bölgesi, Türkiye[41.061672, 28.9842605962855]
526Beykoz, Ýstanbul, Marmara Bölgesi, Türkiye[41.1383644, 29.2220779345741]
527Arnavutköy, Beþiktaþ, Ýstanbul, Marmara Bölgesi, 34345, Türkiye[41.0683942, 29.0411538]
528Tuzla, Grad Tuzla, Tuzlanski kanton, Federacija Bosne i Hercegovine, 75000, BiH / ???[44.5391105, 18.675193]
529Çekmeköy, Ýstanbul, Marmara Bölgesi, Türkiye[41.0543213, 29.2445387]
530Beyoðlu, Tünel Meydaný Sokaðý, Þahkulu, Beyoðlu, Ýstanbul, Marmara Bölgesi, 34427, Türkiye[41.0283873, 28.9740445]
531Büyükçekmece, Ýstanbul, Marmara Bölgesi, Türkiye[41.0156913, 28.5955238]
532Bakýrköy, Ýstanbul, Marmara Bölgesi, Türkiye[40.9806359, 28.8628745]
533Beþiktaþ, Ýstanbul, Marmara Bölgesi, Türkiye[41.0716178, 29.0305381519225]
534Silivri, Ýstanbul, Marmara Bölgesi, Türkiye[41.0732043, 28.2469222]
535Çatalca, Ýstanbul, Marmara Bölgesi, Türkiye[41.1435632, 28.4619692]
536Chile[-31.7613365, -71.3187697]
537Adalar, Ýstanbul, Marmara Bölgesi, 34970, Türkiye[40.87625945, 29.0910272621096]
538Buca, Ýzmir, Ege Bölgesi, Türkiye[38.3385885, 27.2433177453994]
539Karabaðlar, Ýzmir, Ege Bölgesi, Türkiye[38.34618285, 27.0386311159295]
540Bornova, Ýzmir, Ege Bölgesi, Türkiye[38.46775605, 27.2637117432604]
541Konak, Ýzmir, Ege Bölgesi, Türkiye[38.42233395, 27.154351869243]
542Karþýyaka, Ýzmir, Ege Bölgesi, Türkiye[38.50309975, 27.1287548023457]
543Bayraklý, Ýzmir, Ege Bölgesi, 35600, Türkiye[38.4784538, 27.1426529]
544Cigliè, CN, PIE, Italia[44.436535, 7.926539]
545Torbalý, Ýzmir, Ege Bölgesi, 35860, Türkiye[38.17992795, 27.3361082244691]
546Menemen, Ýzmir, Ege Bölgesi, 35660, Türkiye[38.6283728, 27.0888358553506]
547Gaziemir, Ýzmir, Ege Bölgesi, 35410, Türkiye[38.31357865, 27.1321261292638]
548Ödemiþ, Ýzmir, Ege Bölgesi, 35750, Türkiye[38.1951764, 27.9941612668683]
549Kemalpaþa, Ýzmir, Ege Bölgesi, 35730, Türkiye[38.4278291, 27.4152158]
550Bergama, Ýzmir, Ege Bölgesi, 35700, Türkiye[39.1191544, 27.1777296]
551Aliaða, Ýzmir, Ege Bölgesi, Türkiye[38.8009721, 26.9729821]
552menderes, Ýzmir, Ege Bölgesi, Türkiye[38.1478219, 27.106890370617]
553Tire, Ýzmir, Ege Bölgesi, 35900, Türkiye[38.088165, 27.7339707]
554Balçova, Ýzmir, Ege Bölgesi, 35330, Türkiye[38.38054695, 27.0647593408312]
555Narlýdere, Ýzmir, Ege Bölgesi, Türkiye[38.373789, 26.9822518227409]
556Urla, Ýzmir, Ege Bölgesi, Türkiye[38.285705, 26.6095265841307]
557Kiraz, Ýzmir, Ege Bölgesi, Türkiye[38.2307506, 28.2050739]
558Dikili, Ýzmir, Ege Bölgesi, 35980, Türkiye[39.0686248, 26.9488633796615]
559çeþme, camii, Ýçerenköy, Ataþehir, Ýstanbul, Marmara Bölgesi, 34744, Türkiye[40.9692764, 29.1143176619698]
560Bayýndýr, Ýzmir, Ege Bölgesi, Türkiye[38.2206046, 27.6472979]
561Seferihisar, Ýzmir, Ege Bölgesi, 35460, Türkiye[38.1983302, 26.8391]
562Selçuk, Ýzmir, Ege Bölgesi, 35920, Türkiye[37.9479088, 27.3685027]
563Güzelbahçe, Ýzmir, Ege Bölgesi, 35310+, Türkiye[38.3627973, 26.8861722]
564Foça, Ýzmir, Ege Bölgesi, 35680, Türkiye[38.67023485, 26.8553069126125]
565Kýnýk, Ýzmir, Ege Bölgesi, 35990, Türkiye[39.046104, 27.3849849750816]
566Beydað, Ýzmir, Ege Bölgesi, Türkiye[38.0870393, 28.227138549983]
567Karaburun, Ýzmir, Ege Bölgesi, 35960, Türkiye[38.5578488, 26.4711475429503]
568Merkez, Alaçam, Samsun, Karadeniz Bölgesi, 55000, Türkiye[41.4897596, 35.5880988]
569Kaðýzman, Kars, Doðu Anadolu Bölgesi, Türkiye[40.1424117, 43.1207958]
570Sarýkamýþ, Kars, Doðu Anadolu Bölgesi, 36500, Türkiye[40.1993427, 42.5531970850646]
571Selim, Arcos de Valdevez, Viana do Castelo, Alto Minho, Norte, 4970-483, Portugal[41.8850584, -8.3904648]
572Digor, Kars, Doðu Anadolu Bölgesi, Türkiye[40.3082499, 43.4374402337721]
573Arpaçay, Kars, Doðu Anadolu Bölgesi, Türkiye[40.88741435, 43.4066652000644]
574Akyaka, Manavgat, Antalya, Akdeniz Bölgesi, Türkiye[37.2279749, 31.1379005]
575Susuz, Kars, Doðu Anadolu Bölgesi, Türkiye[40.7792267, 43.1286876]
576Merkez, Alaçam, Samsun, Karadeniz Bölgesi, 55000, Türkiye[41.4897596, 35.5880988]
577Tosya, Kastamonu, Karadeniz Bölgesi, 37300, Türkiye[41.0181302, 34.0376895]
578Taþköprü, Kastamonu, Karadeniz Bölgesi, 37400, Türkiye[41.5092008, 34.2124908]
579Cide, Kastamonu, Karadeniz Bölgesi, Türkiye[41.891831, 33.0050917]
580Ýnebolu, Kastamonu, Karadeniz Bölgesi, Türkiye[41.9785763, 33.7599031]
581Araç, Kastamonu, Karadeniz Bölgesi, Türkiye[41.2412014, 33.324933]
582Devrekani, Kastamonu, Karadeniz Bölgesi, Türkiye[41.69377615, 33.9483341022537]
583Bozkurt, Kastamonu, Karadeniz Bölgesi, 37680, Türkiye[41.959048, 34.011602]
584Daday, Kastamonu, Karadeniz Bölgesi, Türkiye[41.4751559, 33.4637485]
585Azdavay, Kastamonu, Karadeniz Bölgesi, Türkiye[41.6420759, 33.3009356]
586Çatalzeytin, Kastamonu, Karadeniz Bölgesi, Türkiye[41.9531105, 34.2226751]
587Küre, Kastamonu, Karadeniz Bölgesi, Türkiye[41.8038758, 33.7116896]
588Doðanyurt, Kastamonu, Karadeniz Bölgesi, Türkiye[42.005597, 33.4604573]
589Ýhsangazi, Kastamonu, Karadeniz Bölgesi, Türkiye[41.166026, 33.5572398335625]
590Pýnarbaþý, Kayseri, Ýç Anadolu Bölgesi, Türkiye[38.7211834, 36.3931798]
591Þenpazar, Kastamonu, Karadeniz Bölgesi, Türkiye[41.8085991, 33.2328731]
592La Habana, Centro Habana, La Habana, 11200, Cuba[23.138028, -82.3658671]
593Seydiler, Kastamonu, Karadeniz Bölgesi, Türkiye[41.6193329, 33.719144]
594Hanönü, Kastamonu, Karadeniz Bölgesi, 37450, Türkiye[41.6255724, 34.4680011]
595Aðlý, Kastamonu, Karadeniz Bölgesi, Türkiye[41.6871527, 33.5537946]
596Melikgazi, Pýnarbaþý, Kayseri, Ýç Anadolu Bölgesi, Türkiye[38.7242169, 36.2171282]
597Kocasinan, Kayseri, Ýç Anadolu Bölgesi, 38010, Türkiye[38.7395414, 35.4817131]
598Talas, Kayseri, Ýç Anadolu Bölgesi, 38280, Türkiye[38.6908169, 35.5518755]
599Develi, Kayseri, Ýç Anadolu Bölgesi, 38400, Türkiye[38.3879575, 35.4907929]
600Yahyalý, Þarkýþla, Sivas, Ýç Anadolu Bölgesi, Türkiye[39.6173468, 36.2106087]
601Bünyan, Kayseri, Ýç Anadolu Bölgesi, Türkiye[38.778689, 35.9566433431896]
602Ýncesu, Girne - ????????, Kuzey Kýbrýs, 99350, ?????? - Kýbrýs[35.3353258, 33.2060873]
603Pýnarbaþý, Kayseri, Ýç Anadolu Bölgesi, Türkiye[38.7211834, 36.3931798]
604Tomarza, Kayseri, Ýç Anadolu Bölgesi, Türkiye[38.4484768, 35.7999119]
605Yeþilhisar, Kayseri, Ýç Anadolu Bölgesi, 38800, Türkiye[38.31079765, 35.1237699621687]
606Sarýoðlan, Kayseri, Ýç Anadolu Bölgesi, Türkiye[39.07706, 35.9672492]
607Hacýlar, Burdur (merkez), Burdur, Akdeniz Bölgesi, Türkiye[37.5852263, 30.0960381]
608Sarýz, Kayseri, Ýç Anadolu Bölgesi, Türkiye[38.4802377, 36.4970264]
609Akkýþla, Kayseri, Ýç Anadolu Bölgesi, Türkiye[38.9730414, 36.1657332328931]
610Felahiye, Kayseri, Ýç Anadolu Bölgesi, Türkiye[39.09962495, 35.5381180484228]
611Özvatan, Kayseri, Ýç Anadolu Bölgesi, Türkiye[39.13337955, 35.7315201511564]
612Lüleburgaz, Kýrklareli, Marmara Bölgesi, Türkiye[41.4104176, 27.4041931497813]
613Merkez, Alaçam, Samsun, Karadeniz Bölgesi, 55000, Türkiye[41.4897596, 35.5880988]
614Babaeski, Kýrklareli, Marmara Bölgesi, Türkiye[41.4299402, 27.0907241]
615Vize, Kýrklareli, Marmara Bölgesi, 39410, Türkiye[41.5728684, 27.7670379]
616Pýnarhisar, Kýrklareli, Marmara Bölgesi, 39300, Türkiye[41.6261049, 27.5163024]
617Demirköy, Kýrklareli, Marmara Bölgesi, Türkiye[41.87312195, 27.769132781159]
618Pehlivanköy, Kýrklareli, Marmara Bölgesi, Türkiye[41.3471897, 26.9199074]
619Kofçaz, Kýrklareli, Marmara Bölgesi, Türkiye[41.9449622, 27.1578543]
620Merkez, Alaçam, Samsun, Karadeniz Bölgesi, 55000, Türkiye[41.4897596, 35.5880988]
621Kaman, Pýnarbaþý, Kayseri, Ýç Anadolu Bölgesi, Türkiye[38.512045, 36.159424]
622Mucur, Kýrþehir, Ýç Anadolu Bölgesi, Türkiye[39.0602118, 34.3800488]
623Çiçekdaðý, Tekman, Erzurum, Doðu Anadolu Bölgesi, Türkiye[39.5711495, 41.7582905]
624Akpýnar, Kýrþehir, Ýç Anadolu Bölgesi, Türkiye[39.4868263, 33.970685691543]
625Boztepe, Sungurlu, Çorum, Karadeniz Bölgesi, Türkiye[40.2157227, 34.2930826]
626Akçakent, Kýrþehir, Ýç Anadolu Bölgesi, Türkiye[39.6257953, 34.0979575]
627Gebze, Kocaeli, Marmara Bölgesi, 41400, Türkiye[40.8006696, 29.431767]
628Ýzmit, Ýzmit Belediyesi, Kocaeli, Marmara Bölgesi, 41300, Türkiye[40.7643476, 29.9279311]
629Darýca, Kocaeli, Marmara Bölgesi, 41700, Türkiye[40.77986045, 29.383990556017]
630Körfez, Kocaeli, Marmara Bölgesi, 41780, Türkiye[40.760756, 29.7839402]
631Gölcük, Kocaeli, Marmara Bölgesi, 41650, Türkiye[40.6513566, 29.7956982788697]
632Derince, Kocaeli, Marmara Bölgesi, 41900, Türkiye[40.8821627, 29.8899611785033]
633Çayýrova, Kocaeli, Marmara Bölgesi, Türkiye[40.84578665, 29.3965991164302]
634Kartepe, Kocaeli, Marmara Bölgesi, 41000, Türkiye[40.692493, 30.0364545]
635Baþiskele, Kocaeli, Marmara Bölgesi, Türkiye[40.64592185, 29.9517413594324]
636Karamürsel, Kocaeli, Marmara Bölgesi, 41500, Türkiye[40.614964, 29.6038795011665]
637Kandýra, Kocaeli, Marmara Bölgesi, 41600, Türkiye[41.0413089, 30.0706184868905]
638Dilovasý, Kocaeli, Marmara Bölgesi, 41455, Türkiye[40.7756061, 29.5260959]
639Selçuklu Mahallesi, Sivas Belediyesi, Sivas merkez, Sivas, Ýç Anadolu Bölgesi, Türkiye[39.7326975, 36.9820126]
640Meram, Konya, Ýç Anadolu Bölgesi, Türkiye[37.8363889, 32.4383333]
641Karatay, Konya, Ýç Anadolu Bölgesi, Türkiye[37.8873647, 32.5334488]
642Ereðli, Konya, Ýç Anadolu Bölgesi, Türkiye[37.6808643, 34.152448802436]
643Akþehir, Konya, Ýç Anadolu Bölgesi, 42550, Türkiye[38.37446405, 31.4515716619323]
644Beyþehir, Konya, Ýç Anadolu Bölgesi, Türkiye[37.6754536, 31.7269088]
645Çumra, Konya, Ýç Anadolu Bölgesi, 42500, Türkiye[37.5208837, 32.8465224769057]
646Seydiþehir, Konya, Ýç Anadolu Bölgesi, 42002, Türkiye[37.4200274, 31.8449751]
647Yýlgýn, Tirebolu, Giresun, Karadeniz Bölgesi, Türkiye[40.98032, 38.779694]
648Cihanbeyli, Konya, Ýç Anadolu Bölgesi, Türkiye[38.6589897, 32.9237305]
649Kulu, Konya, Ýç Anadolu Bölgesi, 42770, Türkiye[39.0370572, 33.028629]
650Karapýnar, Acýgöl, Nevþehir, Ýç Anadolu Bölgesi, Türkiye[38.515188, 34.5490094]
651Kadýnhaný, Konya, Ýç Anadolu Bölgesi, Türkiye[38.2400504, 32.2122055]
652Sarayönü, Konya, Ýç Anadolu Bölgesi, Türkiye[38.2639561, 32.405574]
653Bozkýr, Konya, Ýç Anadolu Bölgesi, 42630, Türkiye[37.17847135, 32.3460130004196]
654Yunak, Konya, Ýç Anadolu Bölgesi, 42530, Türkiye[38.8121403, 31.7367041]
655Doðanhisar, Konya, Ýç Anadolu Bölgesi, Türkiye[38.1402174, 31.6606643802399]
656Hüyük, Konya, Ýç Anadolu Bölgesi, Türkiye[37.919617, 31.6067062608946]
657Altýnekin, Konya, Ýç Anadolu Bölgesi, Türkiye[38.3073063, 32.8691468]
658Hadim, Konya, Ýç Anadolu Bölgesi, Türkiye[36.9860893, 32.4558036]
659çeltik, Baðdat Caddesi, Feyzullah, Maltepe, Ýstanbul, Marmara Bölgesi, 34858, Türkiye[40.924127, 29.1319931]
660Emirgazi, Konya, Ýç Anadolu Bölgesi, Türkiye[37.9512699, 33.758506373838]
661Tuzlukçu, Konya, Ýç Anadolu Bölgesi, Türkiye[38.4910394, 31.6886498687504]
662Derebucak, Konya, Ýç Anadolu Bölgesi, Türkiye[37.3918535, 31.5346490884127]
663Akören, Konya, Ýç Anadolu Bölgesi, Türkiye[37.4523288, 32.3725238]
664Halkapýnar, Konya, Ýç Anadolu Bölgesi, Türkiye[37.38674295, 34.2731436655206]
665Yalýhüyük, Konya, Ýç Anadolu Bölgesi, Türkiye[37.3232454, 32.0824469885289]
666Merkez, Alaçam, Samsun, Karadeniz Bölgesi, 55000, Türkiye[41.4897596, 35.5880988]
667Tavþanlý, Kütahya, Ege Bölgesi, 43300, Türkiye[39.5410351, 29.5006831]
668Simav, Kütahya, Ege Bölgesi, Türkiye[39.19220125, 28.852515809687]
669Gediz, Gediz Merkez, Kütahya, Ege Bölgesi, 43600, Türkiye[38.993429, 29.3911585]
670Emet, Kütahya, Ege Bölgesi, 43700, Türkiye[39.3390778, 29.2572082]
671Altýntaþ, Tokat merkez, Tokat, Karadeniz Bölgesi, Türkiye[40.1803684, 36.4217479]
672Domaniç, Kütahya, Ege Bölgesi, Türkiye[39.8014005, 29.6118544]
673Hisarcýk, Melikgazi, Kayseri, Ýç Anadolu Bölgesi, Türkiye[38.5911622, 35.5060983800358]
674Aslanapa, Kütahya, Ege Bölgesi, Türkiye[39.2028061, 29.8939958642027]
675Çavdarhisar, Kütahya, Ege Bölgesi, Türkiye[39.1943854, 29.619524]
676Þaphane, Kütahya, Ege Bölgesi, Türkiye[39.0262442, 29.2208037]
677Pazarlar, Kütahya, Ege Bölgesi, Türkiye[38.9942722, 29.1239846]
678Dumlupýnar, Kütahya, Ege Bölgesi, Türkiye[38.90864325, 29.9805695760058]
679Battalgazi, Sultanbeyli, Ýstanbul, Marmara Bölgesi, Türkiye[40.98691865, 29.2752199624581]
680Yeþilyurt, Malatya - Adýyaman yolu, mahalle ?, Yakýnca, Yeþilyurt, Malatya, Doðu Anadolu Bölgesi, 44915, Türkiye[38.2972222, 38.2509238]
681Doðanþehir, Malatya, Doðu Anadolu Bölgesi, 44500, Türkiye[38.05292235, 37.8709678535527]
682Akçadað, Malatya, Doðu Anadolu Bölgesi, 44600, Türkiye[38.36983695, 37.8483612985111]
683Darende, Malatya, Doðu Anadolu Bölgesi, 44700, Türkiye[38.5632079, 37.5965240062274]
684Hekimhan, Malatya, Doðu Anadolu Bölgesi, Türkiye[38.8165496, 37.9308073]
685Pütürge, Malatya, Doðu Anadolu Bölgesi, Türkiye[38.1971526, 38.8704206]
686Yazýhan, Malatya, Doðu Anadolu Bölgesi, Türkiye[38.6083561, 38.1241785074629]
687Arapgir, Malatya, Doðu Anadolu Bölgesi, Türkiye[38.9526856, 38.4681826001356]
688Arguvan, Malatya, Doðu Anadolu Bölgesi, Türkiye[38.7820616, 38.2642877]
689Kuluncak, Malatya, Doðu Anadolu Bölgesi, Türkiye[38.8818035, 37.6698914]
690Kale, Jahun, Jigawa, Nigeria[12.1, 9.333333]
691Doðanyol, Malatya, Doðu Anadolu Bölgesi, Türkiye[38.3097064, 39.038417]
692Yunusemre, Manisa, Ege Bölgesi, 45030, Türkiye[38.74488615, 27.2688329892961]
693Þehzadeler, Manisa, Ege Bölgesi, Türkiye[38.6458586, 27.502838]
694Akhisar, Manisa, Ege Bölgesi, 45200, Türkiye[38.9240528, 27.8401895]
695Salihli, Manisa, Ege Bölgesi, Türkiye[38.57145805, 28.1931439340008]
696Turgutlu, Manisa, Ege Bölgesi, 45400, Türkiye[38.497029, 27.7060854]
697???, ??? (Soma-gun), ???, 976-0013, ??[37.7957423, 140.9159895]
698Alaþehir, Manisa, Ege Bölgesi, 45600, Türkiye[38.3507471, 28.516575]
699Saruhanlý, Manisa, Ege Bölgesi, 45800, Türkiye[38.7342418, 27.5702821]
700Kula, Bhimdatta, ???????? (Kanchanpur), ??????? ?????, ????? ??????????? ????? ???????, ?????[28.9840938, 80.1297014]
701Kýrkaðaç, Manisa, Ege Bölgesi, Türkiye[39.1966757, 27.8597062288599]
702Demirci, Manisa, Ege Bölgesi, Türkiye[38.95592845, 28.6736780652816]
703Sarýgöl, Manisa, Ege Bölgesi, 45470, Türkiye[38.2400037, 28.6957894]
704Gördes, Manisa, Ege Bölgesi, Türkiye[38.94338225, 28.2832344531996]
705Selendi, Manisa, Ege Bölgesi, Türkiye[38.7447791, 28.868207]
706Ahmetli, Manisa, Ege Bölgesi, Türkiye[38.52255965, 27.9095015559818]
707Gölmarmara, Manisa, Ege Bölgesi, Türkiye[38.6846608, 27.9444012494564]
708Köprübaþý, Trabzon, Karadeniz Bölgesi, Türkiye[40.70123365, 40.1172425514003]
709Onikiþubat, Kahramanmaraþ, Akdeniz Bölgesi, Türkiye[37.6698979, 36.7280156362988]
710Dulkadiroðlu, Kahramanmaraþ, Akdeniz Bölgesi, Türkiye[37.6955743, 37.0716473338248]
711Elbistan, Kahramanmaraþ, Akdeniz Bölgesi, 46300, Türkiye[38.3262274, 37.3312561001511]
712Afþin, Kahramanmaraþ, Akdeniz Bölgesi, 46500, Türkiye[38.2438548, 36.9152873]
713Türkoðlu, Kahramanmaraþ, Akdeniz Bölgesi, 46800, Türkiye[37.3817554, 36.8508631]
714Pazarcýk, Kahramanmaraþ, Akdeniz Bölgesi, 46700, Türkiye[37.4900137, 37.2955704]
715Göksun, Kahramanmaraþ, Akdeniz Bölgesi, Türkiye[38.0214898, 36.494634]
716Andýrýn, Kahramanmaraþ, Akdeniz Bölgesi, Türkiye[37.5737884, 36.3538657]
717Çaðlayancerit, Kahramanmaraþ, Akdeniz Bölgesi, Türkiye[37.7502284, 37.2919927]
718Nurhak, Kahramanmaraþ, Akdeniz Bölgesi, Türkiye[37.965435, 37.4484776]
719Ekinözü, Kahramanmaraþ, Akdeniz Bölgesi, Türkiye[37.9829602, 37.11846125776]
720Kýzýltepe, Mardin, Güneydoðu Anadolu Bölgesi, 47400, Türkiye[37.1303725, 40.4865012467483]
721Artuklu, Mardin, Güneydoðu Anadolu Bölgesi, Türkiye[37.3197697, 40.7320476285013]
722Midyat, Mardin, Güneydoðu Anadolu Bölgesi, Türkiye[37.37464075, 41.3791717349016]
723Nusaybin, Mardin, Güneydoðu Anadolu Bölgesi, 47300, Türkiye[37.19099635, 41.3455537533162]
724Derik, Mardin, Güneydoðu Anadolu Bölgesi, Türkiye[37.32430955, 40.1597685363919]
725Mazýdaðý, Mardin, Güneydoðu Anadolu Bölgesi, Türkiye[37.4768828, 40.4892856]
726Dargeçit, Mardin, Güneydoðu Anadolu Bölgesi, Türkiye[37.5455505, 41.7210278]
727Savur, Mardin, Güneydoðu Anadolu Bölgesi, Türkiye[37.5368348, 40.8873547]
728Yeþilli, Gülþehir, Nevþehir, Ýç Anadolu Bölgesi, 50900, Türkiye[38.8472531, 34.4148801]
729Ömerli, ???????? - Lefkoþa, Kuzey Kýbrýs, Kuzey Kýbrýs Türk Cumhuriyeti[35.1363653, 32.765866]
730Bodrum, Muðla, Ege Bölgesi, Türkiye[37.06681635, 27.4845304318967]
731Fethiye, Muðla, Ege Bölgesi, Türkiye[36.6253879, 29.2089932058482]
732Milas, Muðla, Ege Bölgesi, Türkiye[37.27455045, 27.8085702287289]
733Menteþe, Muðla, Ege Bölgesi, 48000, Türkiye[37.24864595, 28.443569286093]
734Marmaris, Muðla, Ege Bölgesi, Türkiye[36.7893467, 28.1918438416859]
735Seydikemer, Muðla, Ege Bölgesi, 48850, Türkiye[36.6359484, 29.4890488598855]
736Ortaca, Muðla, Ege Bölgesi, Türkiye[36.8005644, 28.6976205122327]
737Yataðan, Muðla, Ege Bölgesi, Türkiye[37.3434417, 28.1388448]
738Dalaman, Muðla, Ege Bölgesi, 48770, Türkiye[36.8125748, 28.8831401049023]
739Köyceðiz, Muðla, Ege Bölgesi, 48800, Türkiye[36.9905657, 28.7620577158208]
740Ula/Ulà Tirso, OR, SAR, 09080, Italia[40.045951, 8.904029]
741Datça, Muðla, Ege Bölgesi, Türkiye[36.7263403, 27.6873855]
742Kavaklýdere, Muðla, Ege Bölgesi, Türkiye[37.47730345, 28.3971477308844]
743Merkez, Alaçam, Samsun, Karadeniz Bölgesi, 55000, Türkiye[41.4897596, 35.5880988]
744Bulanýk, Muþ, Doðu Anadolu Bölgesi, 49500, Türkiye[39.0922922, 42.1346908680178]
745Malazgirt, Muþ, Doðu Anadolu Bölgesi, Türkiye[39.22422275, 42.497037260888]
746Varto, Muþ, Doðu Anadolu Bölgesi, Türkiye[39.19965055, 41.3980203273125]
747Hasköy, Okmeydani Cd, Keçeci Piri, Beyoðlu, Ýstanbul, Marmara Bölgesi, 34050, Türkiye[41.0405716, 28.9490562]
748Korkut, Muþ, Doðu Anadolu Bölgesi, Türkiye[38.76938765, 41.9126159659645]
749Merkez, Alaçam, Samsun, Karadeniz Bölgesi, 55000, Türkiye[41.4897596, 35.5880988]
750Ürgüp, Nevþehir, Ýç Anadolu Bölgesi, Türkiye[38.5928197, 34.9589020075008]
751Avanos, Nevþehir, Ýç Anadolu Bölgesi, Türkiye[38.86585845, 34.8503636398091]
752Gülþehir, Nevþehir, Ýç Anadolu Bölgesi, 50900, Türkiye[38.7430321, 34.6196588]
753Derinkuyu, Nevþehir, Ýç Anadolu Bölgesi, Türkiye[38.3730484, 34.7340808]
754Acýgöl, Nevþehir, Ýç Anadolu Bölgesi, 50140, Türkiye[38.5491777, 34.5067977]
755Kozaklý, Nevþehir, Ýç Anadolu Bölgesi, 50600, Türkiye[39.2033941, 34.7745588662465]
756Hacýbektaþ, Nevþehir, Ýç Anadolu Bölgesi, 50800, Türkiye[38.9428835, 34.5608817]
757Merkez, Alaçam, Samsun, Karadeniz Bölgesi, 55000, Türkiye[41.4897596, 35.5880988]
758Bor, okres Tachov, Plze?sk? kraj, Jihozápad, 34802, ?esko[49.7113567, 12.7753178]
759Çiftlik, Sungurlu, Çorum, Karadeniz Bölgesi, Türkiye[40.1519271, 34.2821978]
760Ulukýþla, ?????????? - Maðusa, Kuzey Kýbrýs, ?????? - Kýbrýs[35.2228586, 33.6163418]
761Altunhisar, Niðde, Ýç Anadolu Bölgesi, Türkiye[37.9989207, 34.3729397]
762Çamardý, Karakoçan, Elazýð, Doðu Anadolu Bölgesi, Türkiye[38.977058, 39.9743717]
763Altýnordu, Ordu, Karadeniz Bölgesi, Türkiye[40.9202853, 37.8870213]
764Ünye, Ordu, Karadeniz Bölgesi, Türkiye[41.1262405, 37.2853616]
765Fatsa, Ordu, Karadeniz Bölgesi, 52400, Türkiye[40.9671863, 37.5154848581648]
766Gölköy, Ordu, Karadeniz Bölgesi, Türkiye[40.6873698, 37.6145162]
767Perþembe, Çaycuma, Zonguldak, Karadeniz Bölgesi, Türkiye[41.4187285, 32.1531538]
768Kumru, Ordu, Karadeniz Bölgesi, Türkiye[40.8719806, 37.2600453]
769Aybastý, Ordu, Karadeniz Bölgesi, Türkiye[40.6450757, 37.3762225153056]
770Korgan, Ordu, Karadeniz Bölgesi, Türkiye[40.8295581, 37.3441414]
771Akkuþ, Ordu, Karadeniz Bölgesi, Türkiye[40.7924952, 37.0177445]
772Ulubey, Uþak, Ege Bölgesi, Türkiye[38.37811785, 29.2776963547246]
773Mesudiye, Ordu, Karadeniz Bölgesi, Türkiye[40.463987, 37.7739737]
774ikizce, Ayancýk, Sinop, Karadeniz Bölgesi, Türkiye[41.8949485, 34.7634934]
775Gürgentepe, Ordu, Karadeniz Bölgesi, Türkiye[40.7884633, 37.601495]
776Çatalpýnar, Ünye, Ordu, Karadeniz Bölgesi, Türkiye[41.1086221, 37.254379]
777Çaybaþý, Ordu, Karadeniz Bölgesi, Türkiye[41.0125355, 37.0976382]
778Kabataþ, Harran, Þanlýurfa, Güneydoðu Anadolu Bölgesi, Türkiye[36.896298, 39.082565]
779Camas, Sevilla, Andalucía, 41900, España[37.4020115, -6.0331571]
780Gülyalý, Ordu, Karadeniz Bölgesi, 52010, Türkiye[40.9659704, 38.0593466]
781Merkez, Alaçam, Samsun, Karadeniz Bölgesi, 55000, Türkiye[41.4897596, 35.5880988]
782Çayeli, Rize, Karadeniz Bölgesi, 53200, Türkiye[41.0893465, 40.7264374]
783Ardeþen, Rize, Karadeniz Bölgesi, 53400, Türkiye[41.1922051, 40.9879431]
784Pazar, Rize, Karadeniz Bölgesi, Türkiye[41.1801248, 40.887035]
785Fýndýklý, Ondokuzmayýs, Samsun, Karadeniz Bölgesi, Türkiye[41.3721261, 36.0013136]
786Güneysu, Rize, Rize merkezi, Rize, Karadeniz Bölgesi, 53020, Türkiye[41.0006777, 40.591148]
787Kalkandere, Rize, Karadeniz Bölgesi, Türkiye[40.89937185, 40.4708472150901]
788Ýyidere, Kalkandere, Rize, Karadeniz Bölgesi, Türkiye[40.8955234, 40.4305897]
789Derepazarý, Rize, Karadeniz Bölgesi, Türkiye[40.99630395, 40.433527576735]
790Çamlýhemþin, Rize, Karadeniz Bölgesi, Türkiye[41.0491723, 41.0039417]
791Ýkizdere, Rize, Karadeniz Bölgesi, Türkiye[40.779738, 40.5584581]
792Hemþin, Rize, Karadeniz Bölgesi, Türkiye[41.0475214, 40.8987978]
793Adapazarý, Sakarya, Marmara Bölgesi, 54000, Türkiye[40.7791659, 30.402727]
794Serdivan, Sakarya, Marmara Bölgesi, Türkiye[40.7796308, 30.2975525]
795Akyazý, Sakarya, Marmara Bölgesi, Türkiye[40.6837398, 30.6249199]
796Erenler, Sakarya, Marmara Bölgesi, 54200, Türkiye[40.7115077, 30.4739325]
797Hendek, Sakarya, Marmara Bölgesi, Türkiye[40.79921975, 30.7174404303774]
798Karasu, Sakarya, Marmara Bölgesi, 54500, Türkiye[41.0506443, 30.6919282050641]
799Geyve, Sakarya, Marmara Bölgesi, 54700, Türkiye[40.49968645, 30.3650263250969]
800Arifiye, Sakarya, Marmara Bölgesi, 54580, Türkiye[40.7124406, 30.3613387]
801Sapanca, Sakarya, Marmara Bölgesi, 54600, Türkiye[40.6920948, 30.2655409]
802Pamukova, Sakarya, Marmara Bölgesi, 54900, Türkiye[40.5120899, 30.1213148301788]
803Ferizli, Sakarya, Marmara Bölgesi, 54280, Türkiye[40.99884965, 30.4817932487188]
804Kaynarca, Sakarya, Marmara Bölgesi, Türkiye[41.035108, 30.3056001]
805Kocaali, Sakarya, Marmara Bölgesi, Türkiye[41.051227, 30.8518228]
806Karapürçek, Sakarya, Marmara Bölgesi, Türkiye[40.6423352, 30.5365262]
807Taraklý, Sakarya, Marmara Bölgesi, Türkiye[40.3980212, 30.4941854]
808Ýlkadým, Samsun, Karadeniz Bölgesi, 55030, Türkiye[41.2858332, 36.3338937]
809Atakum, Samsun, Karadeniz Bölgesi, Türkiye[41.33545685, 36.1310539325912]
810Bafra, Samsun, Karadeniz Bölgesi, Türkiye[41.48166365, 35.8254415808744]
811Çarþamba, Samsun, Karadeniz Bölgesi, 55500, Türkiye[41.198283, 36.7289508]
812Canik, Samsun, Karadeniz Bölgesi, 55080, Türkiye[41.17417155, 36.2858091723425]
813Vezirköprü, Samsun, Karadeniz Bölgesi, 55900, Türkiye[41.1433526, 35.4631336]
814Terme, Samsun, Karadeniz Bölgesi, 55600, Türkiye[41.2090283, 36.9721494]
815Tekkeköy, Samsun, Karadeniz Bölgesi, 55330, Türkiye[41.213701, 36.4622078]
816Havza, Samsun, Karadeniz Bölgesi, Türkiye[40.9660605, 35.6653476]
817Alaçam, Samsun, Karadeniz Bölgesi, Türkiye[41.6068635, 35.5973316]
81819 Mayýs, Þiþli, Ýstanbul, Marmara Bölgesi, 34374, Türkiye[41.0598652, 28.9914441]
819Ayvacýk, Ayvacik, Çanakkale, Marmara Bölgesi, Türkiye[39.601185, 26.4031312]
820Kavak, Nevþehir merkez, Nevþehir, Ýç Anadolu Bölgesi, Türkiye[38.5734203, 34.8221172]
821Salýpazarý, Samsun, Karadeniz Bölgesi, 55530, Türkiye[41.03807, 36.8207627797067]
822Asarcýk, Ýskilip, Çorum, Karadeniz Bölgesi, Türkiye[40.7773417, 34.5879174]
823Ladik, Samsun, Karadeniz Bölgesi, Türkiye[40.9214746, 35.9814039630769]
824Yakakent, Samsun, Karadeniz Bölgesi, Türkiye[41.6329513, 35.5315896]
825Merkez, Alaçam, Samsun, Karadeniz Bölgesi, 55000, Türkiye[41.4897596, 35.5880988]
826Kurtalan, Siirt, Güneydoðu Anadolu Bölgesi, Türkiye[37.9269021, 41.7029486]
827Pervari, Siirt, Güneydoðu Anadolu Bölgesi, Türkiye[37.9322657, 42.5482815]
828Baykan, Siirt, Güneydoðu Anadolu Bölgesi, Türkiye[38.163617, 41.7848188]
829Þirvan, Siirt, Güneydoðu Anadolu Bölgesi, Türkiye[38.0793703, 42.1486262921091]
830Eruh, Siirt, Güneydoðu Anadolu Bölgesi, 56800, Türkiye[37.73732955, 42.0682290971693]
831El Tillo, Portoviejo, Manabí, Ecuador[-1.0172179, -80.3638147]
832Merkez, Alaçam, Samsun, Karadeniz Bölgesi, 55000, Türkiye[41.4897596, 35.5880988]
833Boyabat, Sinop, Karadeniz Bölgesi, 57200, Türkiye[41.50563395, 34.7049123850151]
834???, ?????????????? / ??? / Gerze, ?????????????? / ???? / Ngari, ?????, ??[32.3048107, 84.0597745]
835Ayancýk, Sinop, Karadeniz Bölgesi, 57400, Türkiye[41.8314871, 34.5954138285884]
836Duraðan, Sinop, Karadeniz Bölgesi, Türkiye[41.4147133, 35.1937219162318]
837Türkeli, Sinop, Karadeniz Bölgesi, Türkiye[41.9489366, 34.336084]
838Erfelek, Sinop, Karadeniz Bölgesi, Türkiye[41.848934, 34.863472589154]
839Dikmen, Sinop, Karadeniz Bölgesi, Türkiye[41.6516239, 35.2650575]
840Saraydüzü, Sinop, Karadeniz Bölgesi, Türkiye[41.3293374, 34.8489545]
841Merkez, Alaçam, Samsun, Karadeniz Bölgesi, 55000, Türkiye[41.4897596, 35.5880988]
842Þarkýþla, Sivas, Ýç Anadolu Bölgesi, 58402, Türkiye[39.40537235, 36.3916655680347]
843Yýldýzeli, Sivas, Ýç Anadolu Bölgesi, Türkiye[39.9017932, 36.497692872756]
844Suþehri, Sivas, Ýç Anadolu Bölgesi, Türkiye[40.1836411, 38.1480213901059]
845Gemerek, Sivas, Ýç Anadolu Bölgesi, 58840, Türkiye[39.306969, 36.0200064503915]
846Zara, Place des Volontaires de la Défense Passive, Graslin - Commerce, Centre Ville, Nantes, Loire-Atlantique, Pays de la Loire, France métropolitaine, 44000, France[47.2157253, -1.5605642]
847Kangal, Sivas, Ýç Anadolu Bölgesi, 58900, Türkiye[39.2348329, 37.3894279]
848Gürün, Sivas, Ýç Anadolu Bölgesi, 58800, Türkiye[38.79604415, 37.1601298739475]
849Divriði, Sivas, Ýç Anadolu Bölgesi, 58300, Türkiye[39.37041965, 38.0357565548568]
850Koyulhisar, Sivas, Ýç Anadolu Bölgesi, Türkiye[40.3454379, 37.937912057972]
851Altýnyayla, Sivas, Ýç Anadolu Bölgesi, Türkiye[39.24059145, 36.760267999204]
852Hafik, Sivas, Ýç Anadolu Bölgesi, Türkiye[39.87992925, 37.3756763644521]
853Ulaþ, Sivas, Ýç Anadolu Bölgesi, Türkiye[39.4172993, 37.1290073524748]
854Ýmranlý, Sivas, Ýç Anadolu Bölgesi, Türkiye[39.77789975, 38.1816795970487]
855Akýncýlar, Sivas, Ýç Anadolu Bölgesi, Türkiye[40.0802476, 38.3485706]
856Gülova, Kumlu, Hatay, Akdeniz Bölgesi, Türkiye[36.382793, 36.2969087]
857Doðanþar, Sivas, Ýç Anadolu Bölgesi, Türkiye[40.2142318, 37.5365096]
858Çorlu, Tekirdað, Marmara Bölgesi, 59850, Türkiye[41.11512775, 27.7518307246016]
859Süleymanpaþa, Tekirdað, Marmara Bölgesi, Türkiye[40.9756624, 27.5028483]
860Çerkezköy, Tekirdað, Marmara Bölgesi, 59500, Türkiye[41.2608386, 27.9842412679723]
861Kapaklý, Tekirdað, Marmara Bölgesi, 59510, Türkiye[41.3278385, 28.0005742118795]
862Ergene, Tekirdað, Marmara Bölgesi, Türkiye[41.29555715, 27.6496137074219]
863Malkara, Tekirdað, Marmara Bölgesi, 59300, Türkiye[40.8930819, 26.9023798]
864Saray, Van, Doðu Anadolu Bölgesi, Türkiye[38.5231275, 44.180062890773]
865Hayrabolu, Tekirdað, Marmara Bölgesi, 59400, Türkiye[41.16918595, 27.1309721287851]
866Þarköy, Tekirdað, Marmara Bölgesi, 59800, Türkiye[40.6799789, 27.131657485681]
867Muratlý, Tarsus, Mersin, Akdeniz Bölgesi, Türkiye[37.025772, 34.988926]
868Marmara Ereðlisi, Tekirdað, Marmara Bölgesi, Türkiye[40.970074, 27.9482553]
869Merkez, Alaçam, Samsun, Karadeniz Bölgesi, 55000, Türkiye[41.4897596, 35.5880988]
870Erbaa, Tokat, Karadeniz Bölgesi, 60540, Türkiye[40.70972435, 36.6180488436853]
871Turhal, Tokat, Karadeniz Bölgesi, 60300, Türkiye[40.3842327, 36.0807507]
872Niksar, Tokat, Karadeniz Bölgesi, Türkiye[40.56118005, 36.866044071059]
873Zile, Tokat, Karadeniz Bölgesi, Türkiye[40.257424, 35.7431304813238]
874Reþadiye, Tokat, Karadeniz Bölgesi, Türkiye[40.4212798, 37.3957652911913]
875Almus, Tokat, Karadeniz Bölgesi, Türkiye[40.3155511, 36.990029575]
876Pazar, Rize, Karadeniz Bölgesi, Türkiye[41.1801248, 40.887035]
877Baþçiftlik, Tokat, Karadeniz Bölgesi, Türkiye[40.5469067, 37.1683222]
878Yeþilyurt, Malatya - Adýyaman yolu, mahalle ?, Yakýnca, Yeþilyurt, Malatya, Doðu Anadolu Bölgesi, 44915, Türkiye[38.2972222, 38.2509238]
879Artova, Tokat, Karadeniz Bölgesi, Türkiye[40.118124, 36.2929466]
880Sulusaray, Nevþehir merkez, Nevþehir, Ýç Anadolu Bölgesi, Türkiye[38.6968434, 34.7194605]
881Ortahisar, Trabzon, Karadeniz Bölgesi, Türkiye[41.0013246, 39.706678]
882Akçaabat, Trabzon, Karadeniz Bölgesi, 61300, Türkiye[41.0202144, 39.5721196]
883Araklý, Buzluca, Araklý, Trabzon, Karadeniz Bölgesi, Türkiye[40.93589585, 40.0554717702443]
884Of, Trabzon, Karadeniz Bölgesi, 61830, Türkiye[40.8825914, 40.2751769378287]
885Yomra, Trabzon, Karadeniz Bölgesi, 61250, Türkiye[40.84900925, 39.8458485409825]
886Arsin, Trabzon, Karadeniz Bölgesi, Türkiye[40.9532112, 39.93207]
887Vakfýkebir, Trabzon, Karadeniz Bölgesi, 61400, Türkiye[40.9940658, 39.313662610277]
888Sürmene, Trabzon, Karadeniz Bölgesi, 61600, Türkiye[40.8091062, 40.0595563682851]
889Maçka, Trabzon, Karadeniz Bölgesi, 61750, Türkiye[40.8112151, 39.6135977]
890Beþikdüzü, Trabzon, Karadeniz Bölgesi, Türkiye[41.0529432, 39.2306124]
891Çarþýbaþý Mahallesi, Sivas Belediyesi, Sivas merkez, Sivas, Ýç Anadolu Bölgesi, Türkiye[39.7521842, 37.0187417]
892Tonya, Trabzon, Karadeniz Bölgesi, Türkiye[40.8877618, 39.2914139]
893Düzköy, Trabzon, Karadeniz Bölgesi, Türkiye[40.8741929, 39.4258456]
894Çaykara, Trabzon, Karadeniz Bölgesi, 61840, Türkiye[40.65137275, 40.2508278661124]
895Þalpazarý, Trabzon, Karadeniz Bölgesi, Türkiye[40.8629768, 39.196401370243]
896Hayrat, Trabzon, Karadeniz Bölgesi, 61450, Türkiye[40.7723314, 40.4084659380665]
897Köprübaþý, Trabzon, Karadeniz Bölgesi, Türkiye[40.70123365, 40.1172425514003]
898Dernekpazarý, Trabzon, Karadeniz Bölgesi, Türkiye[40.77834145, 40.1946296032046]
899Merkez, Alaçam, Samsun, Karadeniz Bölgesi, 55000, Türkiye[41.4897596, 35.5880988]
900Pertek, Tunceli, Doðu Anadolu Bölgesi, 62500, Türkiye[38.8665161, 39.3238097]
901Mazgirt, Tunceli, Doðu Anadolu Bölgesi, 62800, Türkiye[38.9388635, 39.7336607451882]
902Çemiþgezek, Tunceli, Doðu Anadolu Bölgesi, 62600, Türkiye[39.05277235, 38.9283426133853]
903Hozat, Tunceli, Doðu Anadolu Bölgesi, 62400, Türkiye[39.1072031, 39.216269903252]
904Ovacýk, Karabük, Karadeniz Bölgesi, Türkiye[41.05671645, 32.9372605087219]
905Pülümür, Tunceli, Doðu Anadolu Bölgesi, 62700, Türkiye[39.4637948, 39.9709891648337]
906Nazýmiye, Tunceli, Doðu Anadolu Bölgesi, 62950, Türkiye[39.19641225, 39.8465608360628]
907Eyyübiye, Þanlýurfa, Güneydoðu Anadolu Bölgesi, Türkiye[37.00804755, 39.0159687308456]
908Haliliye, Þanlýurfa, Güneydoðu Anadolu Bölgesi, Türkiye[37.21994105, 39.1403048049152]
909Siverek, Þanlýurfa, Güneydoðu Anadolu Bölgesi, 63600, Türkiye[37.62093815, 39.5071740857342]
910Viranþehir, Þanlýurfa, Güneydoðu Anadolu Bölgesi, 63700, Türkiye[37.226315, 39.7391861243477]
911Karaköprü, Þanlýurfa, Güneydoðu Anadolu Bölgesi, 63320, Türkiye[37.30252065, 38.7488770219848]
912Akçakale, Þanlýurfa, Güneydoðu Anadolu Bölgesi, Türkiye[36.81822325, 38.7781975043832]
913Suruç, Þanlýurfa, Güneydoðu Anadolu Bölgesi, Türkiye[36.9755424, 38.4242178]
914Birecik, Þanlýurfa, Güneydoðu Anadolu Bölgesi, Türkiye[37.04577695, 38.0827900726436]
915Ceylanpýnar, Þanlýurfa, Güneydoðu Anadolu Bölgesi, Türkiye[36.8497836, 40.0437025]
916Harran, Þanlýurfa, Güneydoðu Anadolu Bölgesi, Türkiye[36.8682145, 39.0253498]
917Bozova, Þanlýurfa, Güneydoðu Anadolu Bölgesi, Türkiye[37.29424785, 38.3895948613521]
918Hilvan, Þanlýurfa, Güneydoðu Anadolu Bölgesi, 63900, Türkiye[37.5860306, 38.9567316]
919Halfeti, Þanlýurfa, Güneydoðu Anadolu Bölgesi, Türkiye[37.3014838, 37.9926818101379]
920Merkez, Alaçam, Samsun, Karadeniz Bölgesi, 55000, Türkiye[41.4897596, 35.5880988]
921Banaz, Uþak, Ege Bölgesi, Türkiye[38.7394686, 29.7529924]
922Eþme, Uþak, Ege Bölgesi, 64600, Türkiye[38.4413265, 28.964131453025]
923Sivaslý, Uþak, Ege Bölgesi, Türkiye[38.4992212, 29.6851104]
924Ulubey, Uþak, Ege Bölgesi, Türkiye[38.37811785, 29.2776963547246]
925Karahallý, Uþak, Ege Bölgesi, Türkiye[38.3206204, 29.5323982]
926Ýpekyolu, Van, Doðu Anadolu Bölgesi, Türkiye[38.4927246, 43.3707405]
927Erciþ, Van, Doðu Anadolu Bölgesi, 65400, Türkiye[39.1470354, 43.3567603782389]
928Tuþba, Van, Doðu Anadolu Bölgesi, 65040, Türkiye[38.5220002, 43.3622212]
929Edremit, Balýkesir, Marmara Bölgesi, 10302, Türkiye[39.597846, 27.0181836]
930Özalp, Van, Doðu Anadolu Bölgesi, Türkiye[38.6570055, 43.9904448]
931Çaldýran, Van, Doðu Anadolu Bölgesi, Türkiye[39.1394888, 43.90663]
932Baþkale, Van, Doðu Anadolu Bölgesi, Türkiye[38.0444545, 44.0180863]
933Muradiye, Van, Doðu Anadolu Bölgesi, Türkiye[38.9731106, 43.7183867421907]
934Gürpýnar, Melikgazi, Kayseri, Ýç Anadolu Bölgesi, Türkiye[38.7156773, 35.7044569]
935Gevaþ, Van, Doðu Anadolu Bölgesi, Türkiye[38.2952862, 43.108271]
936Saray, Van, Doðu Anadolu Bölgesi, Türkiye[38.5231275, 44.180062890773]
937Çatak, Van, Doðu Anadolu Bölgesi, Türkiye[38.0014341, 43.0448755984837]
938Bahçesaray, Van, Doðu Anadolu Bölgesi, Türkiye[38.1248076, 42.8067809]
939Merkez, Alaçam, Samsun, Karadeniz Bölgesi, 55000, Türkiye[41.4897596, 35.5880988]
940Sorgun, Yozgat, Ýç Anadolu Bölgesi, 66700, Türkiye[39.8101311, 35.1854259]
941Akdaðmadeni, Yozgat, Ýç Anadolu Bölgesi, 66300, Türkiye[39.6626502, 35.8820234]
942Yerköy, Yozgat, Ýç Anadolu Bölgesi, Türkiye[39.6388907, 34.467067]
943Sarýkaya, Yozgat, Ýç Anadolu Bölgesi, 66650, Türkiye[39.4950898, 35.376635]
944Boðazlýyan, Yozgat, Ýç Anadolu Bölgesi, 66400, Türkiye[39.24290635, 35.2963757383429]
945Çekerek, Zile, Tokat, Karadeniz Bölgesi, Türkiye[40.2079663, 35.6118368]
946Þefaatli, Yozgat, Ýç Anadolu Bölgesi, Türkiye[39.4960576, 34.7565167]
947Saraykent, Yozgat, Ýç Anadolu Bölgesi, Türkiye[39.6936979, 35.5102049]
948Çayýralan, Yozgat, Ýç Anadolu Bölgesi, 66600, Türkiye[39.3041026, 35.6459653]
949Kadýþehri, Yozgat, Ýç Anadolu Bölgesi, Türkiye[39.9955751, 35.7893731]
950Aydýncýk, Yozgat, Ýç Anadolu Bölgesi, Türkiye[40.16684125, 35.266852439877]
951Candir, Konyaalti, Antalya, Akdeniz Bölgesi, Türkiye[36.7704173, 30.4366426]
952Ereðli, Konya, Ýç Anadolu Bölgesi, Türkiye[37.6808643, 34.152448802436]
953Merkez, Alaçam, Samsun, Karadeniz Bölgesi, 55000, Türkiye[41.4897596, 35.5880988]
954Çaycuma, Zonguldak, Karadeniz Bölgesi, 67900, Türkiye[41.4256495, 32.0784089]
955Devrek, Zonguldak, Karadeniz Bölgesi, 67800, Türkiye[41.2182258, 31.9573472]
956Kozlu, Zonguldak, Karadeniz Bölgesi, Türkiye[41.3558331, 31.7424981534812]
957Alaplý, Zonguldak, Karadeniz Bölgesi, 67852, Türkiye[41.1132599, 31.4725870114974]
958Kilimli, Zonguldak, Karadeniz Bölgesi, Türkiye[41.48116045, 31.9071577814392]
959Gökçebey, Zonguldak, Karadeniz Bölgesi, Türkiye[41.2983669, 32.1852946945902]
960Merkez, Alaçam, Samsun, Karadeniz Bölgesi, 55000, Türkiye[41.4897596, 35.5880988]
961Ortaköy, Çatalpýnar, Ordu, Karadeniz Bölgesi, Türkiye[40.804993, 37.426121]
962Eskil, Aksaray, Ýç Anadolu Bölgesi, Türkiye[38.4013916, 33.4115731]
963Gülaðaç, Aksaray, Ýç Anadolu Bölgesi, Türkiye[38.4171706, 34.3231450989552]
964Güzelyurt, Aksaray, Ýç Anadolu Bölgesi, Türkiye[38.275992, 34.3717702]
965Aðaçören, Aksaray, Ýç Anadolu Bölgesi, Türkiye[38.8690929, 33.9162045]
966Sarýyahþi, Aksaray, Ýç Anadolu Bölgesi, Türkiye[38.9849345, 33.8455368]
967Merkez, Alaçam, Samsun, Karadeniz Bölgesi, 55000, Türkiye[41.4897596, 35.5880988]
968Demirözü, Bayburt, Karadeniz Bölgesi, Türkiye[40.0800128, 39.8140222993146]
969Aydýntepe, Bayburt, Karadeniz Bölgesi, Türkiye[40.3888009, 40.1494228]


973Ermenek, Karaman, Ýç Anadolu Bölgesi, 70400, Türkiye[36.631756, 32.8829645313856]
974Ayrancý, Beþiri, Batman, Güneydoðu Anadolu Bölgesi, Türkiye[37.8806157, 41.2816988]
975Kazýmkarabekir, Erzurum, Yakutiye, Erzurum, Doðu Anadolu Bölgesi, 25250, Türkiye[39.915985, 41.281446]
976Baþyayla, Karaman, Ýç Anadolu Bölgesi, Türkiye[36.7535986, 32.6795377]
977Merkez, Alaçam, Samsun, Karadeniz Bölgesi, 55000, Türkiye[41.4897596, 35.5880988]
978Yahþihan, Kýrýkkale, Ýç Anadolu Bölgesi, 71100, Türkiye[39.850234, 33.4532896]
979Keskin, Kýrýkkale, Ýç Anadolu Bölgesi, Türkiye[39.6746319, 33.616211]
980Delice Çayý, Yerköy, Yozgat, Ýç Anadolu Bölgesi, Türkiye[39.8325336, 34.0695741]
981Bahþýlý, Sungurlu, Çorum, Karadeniz Bölgesi, 19302, Türkiye[40.1018581, 34.1157237]
982Sulakyurt, Araklý, Trabzon, Karadeniz Bölgesi, Türkiye[40.602409, 39.999081]
983Balýþeyh, Kýrýkkale, Ýç Anadolu Bölgesi, 71520, Türkiye[39.9100724, 33.7184848]
984Karakeçili, Boðazkale, Çorum, Karadeniz Bölgesi, Türkiye[40.0172721, 34.5709362]
985Çelebi, Kýrýkkale, Ýç Anadolu Bölgesi, Türkiye[39.4636988, 33.5244142]
986Merkez, Alaçam, Samsun, Karadeniz Bölgesi, 55000, Türkiye[41.4897596, 35.5880988]
987Kozluk, Pütürge, Malatya, Doðu Anadolu Bölgesi, Türkiye[38.10503, 38.631683]
988Beþiri, Batman, Güneydoðu Anadolu Bölgesi, Türkiye[37.90590445, 41.3239675643302]
989Sason, Batman, Güneydoðu Anadolu Bölgesi, Türkiye[38.3997332, 41.4220650026834]
990Gercüþ, Batman, Güneydoðu Anadolu Bölgesi, Türkiye[37.565861, 41.3855947]
991Hasankeyf, Batman, Güneydoðu Anadolu Bölgesi, Türkiye[37.69603935, 41.5315475795121]
992Cizre, Þýrnak, Güneydoðu Anadolu Bölgesi, 73202, Türkiye[37.28477125, 42.1124767510093]
993Silopi, Þýrnak, Güneydoðu Anadolu Bölgesi, 73400, Türkiye[37.249296, 42.4706344]
994Merkez, Alaçam, Samsun, Karadeniz Bölgesi, 55000, Türkiye[41.4897596, 35.5880988]

996Uludere, Tepebaþý, Eskiþehir, Ýç Anadolu Bölgesi, Türkiye[39.9176273, 30.33146]
997Beytüþþebap, Þýrnak, Güneydoðu Anadolu Bölgesi, Türkiye[37.57665895, 43.0924176950852]
998Güçlükonak, Þýrnak, Güneydoðu Anadolu Bölgesi, Türkiye[37.4708268, 41.9133859]
999Merkez, Alaçam, Samsun, Karadeniz Bölgesi, 55000, Türkiye[41.4897596, 35.5880988]
1000Ulus, Bartýn, Karadeniz Bölgesi, Türkiye[41.53646, 32.6400737822655]
1001Amasra, Bartýn, Karadeniz Bölgesi, 74300, Türkiye[41.7469303, 32.5040968868621]
1002Kurucaþile, Bartýn, Karadeniz Bölgesi, Türkiye[41.78976995, 32.67378369439]
1003Merkez, Alaçam, Samsun, Karadeniz Bölgesi, 55000, Türkiye[41.4897596, 35.5880988]
1004Göle, Ardahan, Doðu Anadolu Bölgesi, 75700, Türkiye[40.8286705, 42.613900201904]
1005Çýldýr, Ardahan, Doðu Anadolu Bölgesi, Türkiye[41.179922, 43.3509073002735]
1006Hanak, Ardahan, Doðu Anadolu Bölgesi, Türkiye[41.2362104, 42.8453768]
1007Posof, Ardahan, Doðu Anadolu Bölgesi, Türkiye[41.4862085, 42.677130464236]
1008Damal, Ardahan, Doðu Anadolu Bölgesi, Türkiye[41.3423313, 42.8409953]
1009Merkez, Alaçam, Samsun, Karadeniz Bölgesi, 55000, Türkiye[41.4897596, 35.5880988]
1010Tuzluca, ?????????? - Maðusa, Kuzey Kýbrýs, ?????? - Kýbrýs[35.3629784, 33.9970998]
1011Aralýk, Iðdýr, Doðu Anadolu Bölgesi, Türkiye[39.8739427, 44.516546]
1012Karakoyunlu, Iðdýr, Doðu Anadolu Bölgesi, Türkiye[39.9726233, 44.1783513]
1013Merkez, Alaçam, Samsun, Karadeniz Bölgesi, 55000, Türkiye[41.4897596, 35.5880988]
1014Çiftlikköy, Nevþehir merkez, Nevþehir, Ýç Anadolu Bölgesi, Türkiye[38.6764981, 34.4932359]
1015Çýnarcýk, Yalova, Marmara Bölgesi, 77300, Türkiye[40.6424901, 29.1206147]
1016Altýnova, Yalova, Marmara Bölgesi, Türkiye[40.697288, 29.5116121]
1017Armutlu, Yalova, Marmara Bölgesi, Türkiye[40.5196199, 28.8280114]
1018Termal, Yalova, Marmara Bölgesi, 77400, Türkiye[40.6055855, 29.1735795]
1019Merkez, Alaçam, Samsun, Karadeniz Bölgesi, 55000, Türkiye[41.4897596, 35.5880988]
1020Safranbolu, Karabük, Karadeniz Bölgesi, 78600, Türkiye[41.32941995, 32.7699671146008]
1021Yenice, Karabük, Karadeniz Bölgesi, Türkiye[41.16572785, 32.2850884443141]
1022Eskipazar, Altýnordu, Ordu, Karadeniz Bölgesi, 52200, Türkiye[40.9435786, 37.901526]
1023Eflani, Karabük, Karadeniz Bölgesi, Türkiye[41.4216397, 32.9583427]
1024Ovacýk, Karabük, Karadeniz Bölgesi, Türkiye[41.05671645, 32.9372605087219]
1025Merkez, Alaçam, Samsun, Karadeniz Bölgesi, 55000, Türkiye[41.4897596, 35.5880988]
1026Musabeyli, Kilis, Güneydoðu Anadolu Bölgesi, Türkiye[36.93098385, 36.9785621299426]
1027Elbeyli, Kilis, Güneydoðu Anadolu Bölgesi, Türkiye[36.7288017, 37.4731962043188]
1028Polateli, Kilis, Güneydoðu Anadolu Bölgesi, Türkiye[36.8434218, 37.1345013451848]
1029Merkez, Alaçam, Samsun, Karadeniz Bölgesi, 55000, Türkiye[41.4897596, 35.5880988]
1030Kadirli, Osmaniye, Akdeniz Bölgesi, Türkiye[37.4620632, 36.1721471087254]
1031Düziçi, Osmaniye, Akdeniz Bölgesi, Türkiye[37.2401265, 36.4535429]
1032Bahçe, Osmaniye, Akdeniz Bölgesi, Türkiye[37.2153393, 36.5923147707372]
1033Toprakkale, Osmaniye, Akdeniz Bölgesi, Türkiye[37.0694967, 36.1473277]
1034Sumbas, Osmaniye, Akdeniz Bölgesi, Türkiye[37.447953, 36.027267]
1035Hasanbeyli, Sarýçam, Adana, Akdeniz Bölgesi, Türkiye[37.04961, 35.5369027]
1036Merkez, Alaçam, Samsun, Karadeniz Bölgesi, 55000, Türkiye[41.4897596, 35.5880988]
1037Akçakoca, Düzce, Karadeniz Bölgesi, Türkiye[41.088965, 31.1249743]
1038Kaynaþlý, Düzce, Karadeniz Bölgesi, 81900, Türkiye[40.7721739, 31.3188679]
1039Gölyaka, Bandýrma, Balýkesir, Marmara Bölgesi, Türkiye[40.183823, 27.872334]
1040Çilimli, Düzce, Karadeniz Bölgesi, Türkiye[40.8919385, 31.0479178]
1041Yýðýlca, Düzce, Karadeniz Bölgesi, 81950, Türkiye[40.9599811, 31.4442949]
1042Gümüþova, Düzce, Karadeniz Bölgesi, Türkiye[40.8466444, 30.9374437]
1043Cumayeri, Düzce, Karadeniz Bölgesi, Türkiye[40.8737805, 30.9502029]
